X,Y,Z,gX,gY,gZ,fall
 0.24658203125,-3.57421875,9.1171875,-0.004261016845703125,0.004261016845703125,0.0021305084228515625,0
0.2274169921875,-3.591796875,9.0703125,-0.01171875,0,-0.0010652542114257812,0
0.2333984375,-3.669921875,9.0859375,-0.0053253173828125,-0.0053253173828125,0.004261016845703125,0
0.296875,-3.642578125,9.1015625,-0.004261016845703125,-0.00319671630859375,0.01171875,0
0.35205078125,-3.625,9.1328125,-0.00319671630859375,0.00319671630859375,0.01491546630859375,0
0.293212890625,-3.640625,9.140625,-0.00319671630859375,0.00852203369140625,0.02130126953125,0
0.22021484375,-3.599609375,9.1171875,-0.0053253173828125,0.00852203369140625,0.02557373046875,0
0.226318359375,-3.619140625,9.125,-0.00959014892578125,-0.0159759521484375,0.01171875,0
0.32080078125,-3.623046875,9.1328125,-0.0063934326171875,-0.0191802978515625,0.00959014892578125,0
0.332763671875,-3.642578125,9.1484375,-0.01491546630859375,-0.02130126953125,0.00959014892578125,0
0.282470703125,-3.611328125,9.125,-0.0234375,-0.0191802978515625,0.007457733154296875,0
0.208251953125,-3.63671875,9.0703125,-0.0308990478515625,-0.01171875,0,0
0.2142333984375,-3.681640625,9.0546875,-0.038360595703125,-0.010650634765625,-0.0063934326171875,0
0.260986328125,-3.662109375,9.0859375,-0.036224365234375,-0.01384735107421875,-0.01384735107421875,0
0.3125,-3.669921875,9.0625,-0.0308990478515625,-0.020233154296875,-0.0170440673828125,0
0.296875,-3.66796875,9.0703125,-0.022369384765625,-0.02130126953125,-0.00852203369140625,0
0.275390625,-3.607421875,9.125,-0.00959014892578125,-0.01171875,-0.0053253173828125,0
0.1890869140625,-3.583984375,9.1328125,0,-0.0010652542114257812,-0.0010652542114257812,0
0.1820068359375,-3.580078125,9.1484375,0.0053253173828125,0.0021305084228515625,0,0
0.29443359375,-3.6015625,9.1640625,-0.00959014892578125,-0.0159759521484375,0.01171875,0
0.335205078125,-3.59375,9.15625,-0.0063934326171875,-0.0191802978515625,0.00959014892578125,0
0.298095703125,-3.607421875,9.1171875,-0.01491546630859375,-0.02130126953125,0.00959014892578125,0
0.2154541015625,-3.6328125,9.1015625,-0.0234375,-0.0191802978515625,0.007457733154296875,0
0.1915283203125,-3.609375,9.078125,-0.0308990478515625,-0.01171875,0,0
0.2333984375,-3.58984375,9.1015625,-0.038360595703125,-0.010650634765625,-0.0063934326171875,0
0.266845703125,-3.5859375,9.1328125,-0.036224365234375,-0.01384735107421875,-0.01384735107421875,0
0.250244140625,-3.587890625,9.140625,-0.0308990478515625,-0.020233154296875,-0.0170440673828125,0
0.266845703125,-3.57421875,9.1171875,-0.022369384765625,-0.02130126953125,-0.00852203369140625,0
0.271728515625,-3.6015625,9.1171875,-0.00959014892578125,-0.01171875,-0.0053253173828125,0
0.258544921875,-3.6171875,9.109375,0,-0.0010652542114257812,-0.0010652542114257812,0
0.269287109375,-3.6015625,9.078125,0.0053253173828125,0.0021305084228515625,0,0
0.279052734375,-3.64453125,9.0703125,0,0,-0.00319671630859375,0
0.276611328125,-3.6875,9.125,0,-0.0063934326171875,-0.0063934326171875,0
0.298095703125,-3.685546875,9.140625,0,-0.00852203369140625,-0.0010652542114257812,0
0.258544921875,-3.65234375,9.140625,-0.0021305084228515625,-0.007457733154296875,-0.0053253173828125,0
0.15087890625,-3.638671875,9.1484375,-0.004261016845703125,-0.01384735107421875,-0.00959014892578125,0
0.1807861328125,-3.611328125,9.125,-0.0063934326171875,-0.02557373046875,-0.007457733154296875,0
0.234619140625,-3.568359375,9.15625,-0.0021305084228515625,-0.0276947021484375,-0.0053253173828125,0
0.274169921875,-3.580078125,9.125,0.010650634765625,-0.0181121826171875,0.0010652542114257812,0
0.3232421875,-3.638671875,9.1015625,0.01171875,-0.004261016845703125,0.00852203369140625,0
0.311279296875,-3.64453125,9.1171875,0.007457733154296875,0.0010652542114257812,0.00959014892578125,0
0.25390625,-3.61328125,9.1171875,0,-0.0021305084228515625,0.00852203369140625,0
0.1915283203125,-3.556640625,9.1171875,-0.00959014892578125,-0.0063934326171875,0.00852203369140625,0
0.2333984375,-3.5390625,9.1328125,-0.00959014892578125,-0.0021305084228515625,0.00852203369140625,0
0.27783203125,-3.521484375,9.1640625,-0.0063934326171875,0.0021305084228515625,0.007457733154296875,0
0.300537109375,-3.537109375,9.1875,-0.00852203369140625,0.0010652542114257812,0.00959014892578125,0
0.324462890625,-3.556640625,9.1640625,-0.0063934326171875,-0.00319671630859375,0.012786865234375,0
0.293212890625,-3.619140625,9.140625,-0.0063934326171875,-0.007457733154296875,0.01491546630859375,0
0.2705078125,-3.6171875,9.125,-0.01384735107421875,-0.00319671630859375,0.01384735107421875,0
0.295654296875,-3.615234375,9.078125,-0.0191802978515625,0,0.01491546630859375,0
0.340087890625,-3.662109375,9.0625,-0.022369384765625,0.0010652542114257812,0.01384735107421875,0
0.33154296875,-3.67578125,9.09375,-0.0276947021484375,-0.0010652542114257812,0.01384735107421875,0
0.279052734375,-3.64453125,9.09375,-0.0287628173828125,0.0053253173828125,0.0170440673828125,0
0.25146484375,-3.583984375,9.140625,-0.0191802978515625,0.0170440673828125,0.01171875,0
0.2919921875,-3.57421875,9.15625,-0.00852203369140625,0.007457733154296875,0.00852203369140625,0
0.3759765625,-3.6015625,9.1484375,0.01171875,-0.0053253173828125,0.0159759521484375,0
0.438232421875,-3.57421875,9.171875,0.020233154296875,-0.010650634765625,0.0181121826171875,0
0.406982421875,-3.583984375,9.1640625,0.0159759521484375,-0.0053253173828125,0.0170440673828125,0
0.398681640625,-3.509765625,9.1328125,0.00959014892578125,0,0.01491546630859375,0
0.317138671875,-3.521484375,9.1015625,-0.0010652542114257812,0.0053253173828125,0.0159759521484375,0
0.2286376953125,-3.669921875,9.109375,-0.00959014892578125,0.0191802978515625,0.01384735107421875,0
0.1519775390625,-3.703125,9.078125,-0.0159759521484375,0.0276947021484375,0.00852203369140625,0
0.2418212890625,-3.619140625,9.0703125,-0.0181121826171875,0.0266265869140625,0.004261016845703125,0
0.313720703125,-3.599609375,9.1015625,-0.01171875,0.024505615234375,0.00319671630859375,0
0.318359375,-3.658203125,9.125,0.00319671630859375,0.012786865234375,0.00319671630859375,0
0.359130859375,-3.642578125,9.1640625,0.01384735107421875,-0.004261016845703125,0,0
0.372314453125,-3.548828125,9.1640625,0.00959014892578125,-0.02557373046875,-0.00852203369140625,0
0.356689453125,-3.5078125,9.15625,0.00959014892578125,-0.036224365234375,-0.004261016845703125,0
0.298095703125,-3.490234375,9.109375,0.00959014892578125,-0.0266265869140625,0.0010652542114257812,0
0.2191162109375,-3.408203125,9.140625,0,-0.020233154296875,-0.007457733154296875,0
0.08856201171875,-3.55859375,9.0546875,-0.0181121826171875,-0.0308990478515625,-0.0063934326171875,0
0.1568603515625,-3.654296875,9.0859375,-0.031951904296875,-0.038360595703125,0.0010652542114257812,0
0.23828125,-3.666015625,9.1328125,-0.041534423828125,-0.041534423828125,-0.00852203369140625,0
0.2490234375,-3.6953125,9.1484375,-0.03302001953125,-0.047943115234375,-0.0170440673828125,0
0.1676025390625,-3.671875,9.1171875,-0.0053253173828125,-0.0628662109375,-0.01171875,0
0.17236328125,-3.765625,9.09375,0.00319671630859375,-0.067138671875,-0.0063934326171875,0
0.265869140625,-3.685546875,9.0859375,0.0010652542114257812,-0.06072998046875,-0.0010652542114257812,0
0.282470703125,-3.587890625,9.0859375,-0.0053253173828125,-0.041534423828125,0.00319671630859375,0
0.1915283203125,-3.6484375,9.0859375,-0.010650634765625,-0.0159759521484375,0.0170440673828125,0
0.1820068359375,-3.63671875,9.0703125,-0.0159759521484375,-0.004261016845703125,0.012786865234375,0
0.2322998046875,-3.525390625,9.1328125,-0.020233154296875,-0.0063934326171875,0.0159759521484375,0
0.2430419921875,-3.54296875,9.1328125,-0.2152099609375,0.061798095703125,-0.4228515625,0
0.2393798828125,-3.62890625,9.125,-0.1832275390625,0.050079345703125,-0.43896484375,0
0.2393798828125,-3.626953125,9.125,-0.172607421875,0.010650634765625,-0.4580078125,0
0.319580078125,-3.595703125,9.125,-0.18212890625,-0.04046630859375,-0.478271484375,0
0.3232421875,-3.58984375,9.125,-0.2269287109375,-0.07672119140625,-0.50048828125,0
0.2861328125,-3.6640625,9.0859375,-0.3056640625,-0.09375,-0.52734375,0
0.25146484375,-3.6640625,9.109375,-0.414306640625,-0.10760498046875,-0.5634765625,0
0.303955078125,-3.583984375,9.1171875,-0.52392578125,-0.12359619140625,-0.60498046875,0
0.3076171875,-3.560546875,9.171875,-0.60205078125,-0.13427734375,-0.6474609375,0
0.250244140625,-3.57421875,9.171875,-0.669921875,-0.1363525390625,-0.69677734375,0
0.2430419921875,-3.53125,9.15625,-0.7607421875,-0.149169921875,-0.74658203125,0
0.2322998046875,-3.509765625,9.1328125,-0.85986328125,-0.173583984375,-0.80126953125,0
0.23583984375,-3.564453125,9.125,-0.94287109375,-0.1917724609375,-0.865234375,0
0.266845703125,-3.61328125,9.125,-1.005859375,-0.2003173828125,-0.9365234375,0
0.29443359375,-3.583984375,9.1484375,-1.0546875,-0.202392578125,-1.0234375,0
0.302978515625,-3.57421875,9.140625,-1.09765625,-0.2034912109375,-1.1103515625,0
0.250244140625,-3.59375,9.15625,-1.130859375,-0.208740234375,-1.17578125,0
0.22509765625,-3.59765625,9.1640625,-1.1826171875,-0.22802734375,-1.2314453125,0
0.20947265625,-3.5859375,9.1484375,-1.234375,-0.27490234375,-1.2880859375,0
0.1890869140625,-3.587890625,9.1171875,-1.2978515625,-0.3408203125,-1.3486328125,0
0.2047119140625,-3.5703125,9.125,-1.349609375,-0.406982421875,-1.3994140625,0
0.2034912109375,-3.58984375,9.1328125,-1.3642578125,-0.45703125,-1.458984375,0
0.2142333984375,-3.60546875,9.1015625,-1.0791015625,-0.5498046875,-1.5107421875,0
0.1915283203125,-3.548828125,9.1015625,-1.0654296875,-0.51123046875,-1.46484375,0
0.1484375,-3.5546875,9.140625,-1.0205078125,-0.4697265625,-1.4072265625,0
0.1890869140625,-3.623046875,9.1328125,-0.95361328125,-0.443115234375,-1.3447265625,0
0.2442626953125,-3.6796875,9.1015625,-0.88720703125,-0.425048828125,-1.2685546875,0
0.25732421875,-3.67578125,9.125,-0.83203125,-0.4091796875,-1.18359375,0
0.2022705078125,-3.6640625,9.09375,-0.818359375,-0.40380859375,-1.0947265625,0
0.176025390625,-3.623046875,9.1015625,-0.845703125,-0.407958984375,-1.0107421875,0
0.2047119140625,-3.6328125,9.09375,-0.900390625,-0.42724609375,-0.93408203125,0
0.2286376953125,-3.634765625,9.125,-0.97900390625,-0.4453125,-0.8544921875,0
0.1927490234375,-3.625,9.1484375,-1.0400390625,-0.449462890625,-0.74560546875,0
0.1700439453125,-3.6328125,9.140625,-1.017578125,-0.425048828125,-0.60400390625,0
0.149658203125,-3.65625,9.0859375,-0.833984375,-0.35693359375,-0.52294921875,0
0.1939697265625,-3.6484375,9.09375,-0.6328125,-0.289794921875,-0.431396484375,0
0.260986328125,-3.64453125,9.0859375,-0.5029296875,-0.231201171875,-0.319580078125,0
0.295654296875,-3.6484375,9.1015625,-0.447509765625,-0.172607421875,-0.266357421875,0
0.259765625,-3.6484375,9.09375,-0.51123046875,-0.149169921875,-0.2332763671875,0
0.208251953125,-3.642578125,9.125,-0.59423828125,-0.1832275390625,-0.1917724609375,0
0.173583984375,-3.62109375,9.109375,-0.619140625,-0.22900390625,-0.1480712890625,0
0.1927490234375,-3.634765625,9.1015625,-1.0400390625,-0.449462890625,-0.74560546875,0
0.2333984375,-3.6171875,9.09375,-1.017578125,-0.425048828125,-0.60400390625,0
0.22265625,-3.60546875,9.109375,-0.833984375,-0.35693359375,-0.52294921875,0
0.1890869140625,-3.6484375,9.09375,-0.6328125,-0.289794921875,-0.431396484375,0
0.245361328125,-3.6484375,9.1015625,-0.5029296875,-0.231201171875,-0.319580078125,0
0.29443359375,-3.66015625,9.078125,-0.447509765625,-0.172607421875,-0.266357421875,0
0.330322265625,-3.666015625,9.1015625,-0.51123046875,-0.149169921875,-0.2332763671875,0
0.269287109375,-3.61328125,9.1015625,-0.59423828125,-0.1832275390625,-0.1917724609375,0
0.2142333984375,-3.609375,9.0703125,-0.619140625,-0.22900390625,-0.1480712890625,0
0.2059326171875,-3.60546875,9.1015625,-0.61572265625,-0.2449951171875,-0.1171875,0
0.2406005859375,-3.59375,9.1640625,-0.67626953125,-0.2364501953125,-0.08734130859375,0
0.247802734375,-3.615234375,9.140625,-0.7646484375,-0.24609375,-0.07562255859375,0
0.223876953125,-3.63671875,9.125,-0.83837890625,-0.273681640625,-0.09161376953125,0
0.213134765625,-3.634765625,9.125,-0.85546875,-0.306884765625,-0.1160888671875,0
0.221435546875,-3.646484375,9.09375,-0.82568359375,-0.32275390625,-0.1309814453125,0
0.2430419921875,-3.62109375,9.140625,-0.7880859375,-0.32275390625,-0.1300048828125,0
0.24658203125,-3.638671875,9.125,-0.74462890625,-0.28662109375,-0.1309814453125,0
0.2418212890625,-3.640625,9.125,-0.75537109375,-0.2066650390625,-0.096923828125,0
0.197509765625,-3.619140625,9.1171875,-0.82666015625,-0.13427734375,-0.046875,0
0.213134765625,-3.65234375,9.1015625,-0.9169921875,-0.0894775390625,-0.020233154296875,0
0.23828125,-3.6484375,9.09375,-0.97705078125,-0.0745849609375,-0.01171875,0
0.1651611328125,-3.640625,9.0703125,-0.96728515625,-0.0660400390625,-0.01384735107421875,0
0.136474609375,-3.693359375,9.0546875,-0.85546875,-0.06817626953125,-0.03515625,0
0.1795654296875,-3.70703125,9.09375,-0.78173828125,-0.11077880859375,-0.059661865234375,0
0.2059326171875,-3.630859375,9.0859375,-0.666015625,-0.138427734375,-0.06500244140625,0
0.208251953125,-3.615234375,9.1171875,-0.5859375,-0.114013671875,-0.041534423828125,0
0.2286376953125,-3.630859375,9.1484375,-0.6201171875,-0.138427734375,-0.03515625,0
0.260986328125,-3.6015625,9.125,-0.56982421875,-0.11822509765625,-0.036224365234375,0
0.22509765625,-3.58984375,9.1171875,-0.52001953125,-0.090576171875,0.01171875,0
0.1531982421875,-3.611328125,9.078125,-0.37060546875,-0.14599609375,0.0191802978515625,0
0.1544189453125,-3.646484375,9.078125,-0.0692138671875,-0.120361328125,0.00959014892578125,0
0.1376953125,-3.662109375,9.1015625,0.185302734375,-0.108642578125,0.043670654296875,0
0.11370849609375,-3.6953125,9.078125,0.396240234375,-0.1417236328125,0.04473876953125,0
0.0634765625,-3.705078125,9.109375,0.5732421875,-0.125732421875,0.06072998046875,0
0.09454345703125,-3.6875,9.0859375,0.62646484375,-0.1331787109375,0.10650634765625,0
0.2286376953125,-3.640625,9.125,0.55908203125,-0.1171875,0.13427734375,0
0.2310791015625,-3.564453125,9.140625,0.453857421875,-0.114013671875,0.1427001953125,0
0.1448974609375,-3.546875,9.125,0.279052734375,-0.1480712890625,0.140625,0
0.18310546875,-3.572265625,9.140625,0.1683349609375,-0.2066650390625,0.12249755859375,0
0.19873046875,-3.5859375,9.15625,0.08306884765625,-0.2120361328125,0.143798828125,0
0.1412353515625,-3.634765625,9.1015625,-0.059661865234375,-0.1875,0.14697265625,0
0.126953125,-3.69140625,9.046875,-0.11505126953125,-0.19384765625,0.102294921875,0
0.1688232421875,-3.671875,9.03125,-0.085205078125,-0.1885986328125,0.0926513671875,0
0.250244140625,-3.64453125,9.0546875,-0.096923828125,-0.1640625,0.12249755859375,0
0.311279296875,-3.669921875,9.09375,-0.12890625,-0.1629638671875,0.0894775390625,0
0.364013671875,-3.63671875,9.125,-0.0980224609375,-0.1597900390625,0.0628662109375,0
0.311279296875,-3.564453125,9.15625,-0.1309814453125,-0.1246337890625,0.0863037109375,0
0.223876953125,-3.619140625,9.1796875,-0.2183837890625,-0.137451171875,0.08734130859375,0
0.28125,-3.671875,9.046875,-0.266357421875,-0.12359619140625,0.0628662109375,0
0.162841796875,2.765625,8.65625,-0.34716796875,-0.07135009765625,0.0692138671875,0
0.086181640625,2.685546875,8.5390625,-0.460205078125,-0.0543212890625,0.0692138671875,0
0.007183074951171875,2.634765625,8.5234375,-0.53369140625,-0.038360595703125,0.036224365234375,0
-0.1962890625,2.677734375,8.515625,-0.6318359375,-0.0010652542114257812,0.0276947021484375,0
-0.372314453125,2.77734375,8.59375,-0.7626953125,0.01171875,0.04046630859375,0
-0.414306640625,2.896484375,8.6484375,-0.82861328125,-0.0053253173828125,0.024505615234375,0
-0.3759765625,3.013671875,8.703125,-0.8447265625,0.0053253173828125,0.01491546630859375,0
-0.29443359375,3.205078125,8.6875,-0.86083984375,0.04046630859375,0.0170440673828125,0
-0.223876953125,3.369140625,8.640625,-0.89892578125,0.0703125,0,0
-0.1700439453125,3.416015625,8.515625,-0.90966796875,0.07562255859375,-0.036224365234375,0
-0.1317138671875,3.2578125,8.2734375,-0.89794921875,0.085205078125,-0.038360595703125,0
-0.09814453125,2.982421875,8.109375,-0.8798828125,0.11505126953125,-0.04046630859375,0
-0.09100341796875,2.9609375,7.9375,-0.869140625,0.17041015625,-0.0660400390625,0
-0.051483154296875,3.017578125,7.78125,-0.88525390625,0.2130126953125,-0.07672119140625,0
0.016754150390625,2.849609375,7.6640625,-0.853515625,0.2034912109375,-0.09906005859375,0
0.07904052734375,2.453125,7.5546875,-0.79150390625,0.16943359375,-0.08203125,0
0.086181640625,2.251953125,7.43359375,-0.73486328125,0.15234375,-0.07562255859375,0
0.07904052734375,2.14453125,7.33203125,-0.681640625,0.1651611328125,-0.10333251953125,0
0.045501708984375,1.9228515625,7.30078125,-0.6572265625,0.1875,-0.12359619140625,0
-0.051483154296875,1.6337890625,7.3984375,-0.6328125,0.184326171875,-0.1300048828125,0
-0.185546875,1.4951171875,7.6015625,-0.5966796875,0.15234375,-0.11505126953125,0
-0.280029296875,1.533203125,7.83984375,-0.5419921875,0.11505126953125,-0.10650634765625,0
-0.226318359375,1.5703125,8.0703125,-0.460205078125,0.09161376953125,-0.11077880859375,0
-0.1795654296875,1.5595703125,8.3359375,-0.378173828125,0.06500244140625,-0.10015869140625,0
-0.0921630859375,1.2861328125,8.640625,-0.28125,0.0394287109375,-0.0863037109375,0
-0.01197052001953125,0.9921875,8.7734375,-0.20556640625,0.05218505859375,-0.08416748046875,0
-0.05029296875,0.70751953125,8.8515625,-0.138427734375,0.0628662109375,-0.08416748046875,0
-0.147216796875,0.404541015625,8.90625,-0.07562255859375,0.046875,-0.073486328125,0
-0.2071533203125,0.1412353515625,9.1875,-0.0426025390625,0.0298309326171875,-0.06500244140625,0
0.9755859375,-4.25390625,8.9375,-0.010650634765625,0.01171875,-0.0628662109375,0
1.1123046875,-3.568359375,9.109375,0.611328125,-0.0266265869140625,-0.0308990478515625,0
1.140625,-3.283203125,9.2578125,0.495361328125,-0.024505615234375,-0.0298309326171875,0
1.0751953125,-3.103515625,9.2734375,0.3857421875,-0.0266265869140625,-0.0266265869140625,0
1.0078125,-2.90234375,9.3125,0.307861328125,-0.03302001953125,-0.0266265869140625,0
1.0234375,-2.787109375,9.328125,0.26416015625,-0.0276947021484375,-0.031951904296875,0
1.0830078125,-2.796875,9.3203125,0.219482421875,-0.0159759521484375,-0.03302001953125,0
1.095703125,-2.990234375,9.2265625,0.1715087890625,-0.012786865234375,-0.02557373046875,0
1.1044921875,-3.203125,9.203125,0.1214599609375,-0.01384735107421875,-0.01171875,0
1.130859375,-3.220703125,9.2109375,0.0692138671875,-0.020233154296875,0.00319671630859375,0
1.125,-3.181640625,9.265625,0.611328125,-0.0266265869140625,-0.0308990478515625,0
1.1064453125,-3.16796875,9.2890625,0.495361328125,-0.024505615234375,-0.0298309326171875,0
1.119140625,-3.1171875,9.3046875,0.3857421875,-0.0266265869140625,-0.0266265869140625,0
1.12890625,-3.0703125,9.28125,0.307861328125,-0.03302001953125,-0.0266265869140625,0
1.1337890625,-3.015625,9.25,0.26416015625,-0.0276947021484375,-0.031951904296875,0
1.1064453125,-3.01171875,9.1953125,0.219482421875,-0.0159759521484375,-0.03302001953125,0
1.087890625,-3.0859375,9.2109375,0.1715087890625,-0.012786865234375,-0.02557373046875,0
1.1396484375,-3.1171875,9.2265625,0.1214599609375,-0.01384735107421875,-0.01171875,0
1.2021484375,-3.12890625,9.2421875,0.0692138671875,-0.020233154296875,0.00319671630859375,0
1.2490234375,-3.171875,9.25,0.0308990478515625,-0.0266265869140625,0.01384735107421875,0
1.2197265625,-3.181640625,9.2734375,0.004261016845703125,-0.0308990478515625,0.0181121826171875,0
1.17578125,-3.1953125,9.1875,-0.01491546630859375,-0.03515625,0.020233154296875,0
1.130859375,-3.31640625,9.15625,-0.0181121826171875,-0.046875,0.0191802978515625,0
1.1025390625,-3.361328125,9.1484375,-0.031951904296875,-0.055389404296875,0.02130126953125,0
1.0615234375,-3.3203125,9.1015625,-0.05859375,-0.055389404296875,0.031951904296875,0
1.072265625,-3.271484375,9.1640625,-0.0777587890625,-0.047943115234375,0.03515625,0
1.1015625,-3.181640625,9.15625,-0.10015869140625,-0.038360595703125,0.038360595703125,0
1.095703125,-3.22265625,9.140625,-0.108642578125,-0.0266265869140625,0.0394287109375,0
1.1279296875,-3.35546875,9.1328125,-0.085205078125,-0.02557373046875,0.0308990478515625,0
1.1328125,-3.482421875,9.125,-0.06817626953125,-0.024505615234375,0.0308990478515625,0
1.1435546875,-3.548828125,9.0859375,-0.050079345703125,-0.0234375,0.0308990478515625,0
1.146484375,-3.572265625,9.0625,-0.036224365234375,-0.02557373046875,0.0170440673828125,0
1.11328125,-3.61328125,9.0546875,-0.073486328125,-0.022369384765625,0.01491546630859375,0
1.052734375,-3.708984375,8.96875,-0.1129150390625,-0.0159759521484375,0.0191802978515625,0
1.037109375,-3.765625,8.96875,-0.138427734375,-0.010650634765625,0.02130126953125,0
1.0283203125,-3.74609375,9.0390625,-0.14599609375,-0.004261016845703125,0.02130126953125,0
1.0166015625,-3.642578125,9.09375,-0.13525390625,0.0010652542114257812,0.02130126953125,0
1.0283203125,-3.5546875,9.1015625,-0.1246337890625,0.01491546630859375,0.01384735107421875,0
1.0615234375,-3.5390625,9.1015625,-0.125732421875,0.0276947021484375,0.01491546630859375,0
1.1005859375,-3.509765625,9.109375,-0.11822509765625,0.036224365234375,0.0170440673828125,0
1.1015625,-3.453125,9.109375,-0.102294921875,0.0426025390625,0.012786865234375,0
1.091796875,-3.498046875,9.078125,-0.07244873046875,0.04473876953125,0.01384735107421875,0
1.08984375,-3.548828125,9.0625,-0.0543212890625,0.046875,0.0170440673828125,0
1.04296875,-3.541015625,9.0625,-0.0426025390625,0.045806884765625,0.022369384765625,0
0.99853515625,-3.478515625,9.0703125,-0.0308990478515625,0.038360595703125,0.0234375,0
0.95166015625,-3.373046875,9.1328125,-0.0276947021484375,0.03515625,0.022369384765625,0
0.91943359375,-3.298828125,9.1796875,-0.0234375,0.036224365234375,0.020233154296875,0
0.85595703125,-3.310546875,9.1796875,-0.0159759521484375,0.041534423828125,0.0170440673828125,0
0.810546875,-3.36328125,9.171875,-0.010650634765625,0.045806884765625,0.010650634765625,0
0.79833984375,-3.388671875,9.2109375,-0.0063934326171875,0.05218505859375,0.00319671630859375,0
0.78173828125,-3.4453125,9.21875,-0.00959014892578125,0.0660400390625,-0.0021305084228515625,0
0.82373046875,-3.501953125,9.203125,-0.0181121826171875,0.08306884765625,-0.01171875,0
0.8701171875,-3.583984375,9.1328125,-0.0394287109375,0.09906005859375,-0.020233154296875,0
0.92919921875,-3.634765625,9.0625,-0.059661865234375,0.1043701171875,-0.02557373046875,0
0.96142578125,-3.626953125,8.9921875,-0.0660400390625,0.102294921875,-0.034088134765625,0
0.9912109375,-3.61328125,8.9609375,-0.07244873046875,0.0926513671875,-0.04046630859375,0
0.99853515625,-3.591796875,8.9296875,-0.08416748046875,0.08306884765625,-0.038360595703125,0
1.03515625,-3.57421875,8.953125,-0.09906005859375,0.07135009765625,-0.0287628173828125,0
1.0634765625,-3.564453125,9.015625,-0.1097412109375,0.059661865234375,-0.0191802978515625,0
1.04296875,-3.54296875,9.03125,-0.11077880859375,0.05218505859375,-0.0053253173828125,0
1.021484375,-3.560546875,9.0234375,-0.10546875,0.045806884765625,0.00852203369140625,0
0.970703125,-3.609375,9.0703125,-0.09906005859375,0.0394287109375,0.022369384765625,0
0.89892578125,-3.638671875,9.078125,-0.09161376953125,0.03302001953125,0.031951904296875,0
0.859375,-3.69140625,9.0625,-0.0777587890625,0.024505615234375,0.0394287109375,0
0.8701171875,-3.76171875,9.0859375,-0.07562255859375,0.0181121826171875,0.050079345703125,0
0.85009765625,-3.66015625,9.125,-0.0809326171875,0.0159759521484375,0.06072998046875,0
0.81884765625,-3.55078125,9.140625,-0.07989501953125,0.01384735107421875,0.06817626953125,0
0.78076171875,-3.505859375,9.125,-0.0745849609375,0.010650634765625,0.07135009765625,0
0.81982421875,-3.48046875,9.171875,-0.0703125,0.004261016845703125,0.073486328125,0
0.88818359375,-3.46484375,9.203125,-0.06817626953125,0,0.07562255859375,0
0.96728515625,-3.427734375,9.21875,-0.053253173828125,-0.004261016845703125,0.0809326171875,0
0.99365234375,-3.3984375,9.2421875,-0.0308990478515625,-0.0010652542114257812,0.0809326171875,0
0.98388671875,-3.39453125,9.234375,-0.0053253173828125,-0.0053253173828125,0.07244873046875,0
0.9814453125,-3.3828125,9.1875,0.0159759521484375,-0.0159759521484375,0.06817626953125,0
0.98291015625,-3.4453125,9.15625,0.0308990478515625,-0.0308990478515625,0.05859375,0
0.94921875,-3.521484375,9.1015625,0.036224365234375,-0.04046630859375,0.04901123046875,0
0.9111328125,-3.619140625,9.046875,0.03302001953125,-0.041534423828125,0.04046630859375,0
0.90625,-3.72265625,9.046875,0.02130126953125,-0.034088134765625,0.0308990478515625,0
0.8955078125,-3.787109375,9.0703125,0.004261016845703125,-0.02557373046875,0.02130126953125,0
0.86083984375,-3.796875,9.0390625,-0.02130126953125,-0.01384735107421875,0.0159759521484375,0
0.8486328125,-3.76953125,9.0078125,-0.043670654296875,-0.004261016845703125,0.00852203369140625,0
0.79833984375,-3.802734375,8.9609375,-0.06390380859375,0.0010652542114257812,0,0
0.75048828125,-3.82421875,8.9453125,-0.0745849609375,0.0053253173828125,-0.00852203369140625,0
0.6728515625,-3.837890625,8.953125,-0.07135009765625,0.012786865234375,-0.0159759521484375,0
0.62255859375,-3.85546875,9,-0.061798095703125,0.0191802978515625,-0.024505615234375,0
0.62255859375,-3.8046875,9.0078125,-0.0628662109375,0.0266265869140625,-0.031951904296875,0
0.7041015625,-3.7734375,9.0078125,-0.0660400390625,0.034088134765625,-0.031951904296875,0
0.748046875,-3.736328125,9.0390625,-0.0692138671875,0.041534423828125,-0.03302001953125,0
0.7373046875,-3.71484375,9.03125,-0.06500244140625,0.050079345703125,-0.0298309326171875,0
0.7578125,-3.69140625,9.0390625,-0.05218505859375,0.0543212890625,-0.02557373046875,0
0.7900390625,-3.6328125,9.046875,-0.03302001953125,0.04473876953125,-0.022369384765625,0
0.84765625,-3.580078125,9.0390625,-0.01384735107421875,0.0276947021484375,-0.020233154296875,0
0.890625,-3.560546875,9.03125,-0.0010652542114257812,0.012786865234375,-0.0191802978515625,0
0.9375,-3.5234375,9.046875,0.0021305084228515625,0.00319671630859375,-0.01171875,0
0.9638671875,-3.544921875,9.046875,0.0010652542114257812,0.0021305084228515625,-0.00319671630859375,0
0.921875,-3.62109375,9.078125,-0.0063934326171875,0,0.004261016845703125,0
0.92919921875,-3.634765625,9.0703125,-0.022369384765625,-0.00959014892578125,0.01384735107421875,0
0.9482421875,-3.64453125,9.0625,-0.0394287109375,-0.0159759521484375,0.0191802978515625,0
0.93017578125,-3.689453125,9.015625,-0.05645751953125,-0.0159759521484375,0.0234375,0
0.89404296875,-3.697265625,8.96875,-0.01491546630859375,-0.00852203369140625,0.024505615234375,0
0.83203125,-3.703125,9.046875,0.0021305084228515625,-0.02557373046875,0.0170440673828125,0
0.78759765625,-3.689453125,9.0703125,0.007457733154296875,-0.03515625,0.00959014892578125,0
0.82861328125,-3.8046875,9.0078125,0.0063934326171875,-0.03302001953125,0.004261016845703125,0
0.7900390625,-3.779296875,9.0390625,0,-0.0266265869140625,0.00319671630859375,0
0.7734375,-3.732421875,9,-0.0053253173828125,-0.024505615234375,0.00319671630859375,0
0.7626953125,-3.6796875,8.9921875,-0.00852203369140625,-0.0234375,0,0
0.76123046875,-3.6796875,8.984375,-0.004261016845703125,-0.020233154296875,-0.00852203369140625,0
0.767578125,-3.6875,9,0.0053253173828125,-0.0159759521484375,-0.012786865234375,0
0.77685546875,-3.744140625,8.9765625,0.012786865234375,-0.00852203369140625,-0.01171875,0
0.79150390625,-3.82421875,8.9296875,0.0191802978515625,-0.0021305084228515625,-0.01384735107421875,0
0.82470703125,-3.904296875,8.8984375,0.022369384765625,0,-0.0170440673828125,0
0.8271484375,-3.89453125,8.9296875,0.0159759521484375,0,-0.0181121826171875,0
0.82861328125,-3.8046875,9.0078125,0.0021305084228515625,0.0021305084228515625,-0.0181121826171875,0
0.7900390625,-3.779296875,9.0390625,-0.01171875,0.00319671630859375,-0.020233154296875,0
0.7734375,-3.732421875,9,-0.031951904296875,0.004261016845703125,-0.0181121826171875,0
0.7626953125,-3.6796875,8.9921875,-0.05218505859375,0.0021305084228515625,-0.0181121826171875,0
0.76123046875,-3.6796875,8.984375,-0.0628662109375,0.0010652542114257812,-0.02130126953125,0
0.767578125,-3.6875,9,-0.059661865234375,0.004261016845703125,-0.024505615234375,0
0.77685546875,-3.744140625,8.9765625,-0.059661865234375,0.00959014892578125,-0.0276947021484375,0
0.79150390625,-3.82421875,8.9296875,0.0191802978515625,-0.0021305084228515625,-0.01384735107421875,0
0.82470703125,-3.904296875,8.8984375,0.022369384765625,0,-0.0170440673828125,0
0.8271484375,-3.89453125,8.9296875,0.0159759521484375,0,-0.0181121826171875,0
0.7939453125,-3.865234375,8.9453125,0.0021305084228515625,0.0021305084228515625,-0.0181121826171875,0
0.748046875,-3.783203125,9.015625,-0.01171875,0.00319671630859375,-0.020233154296875,0
0.73876953125,-3.712890625,9.046875,-0.031951904296875,0.004261016845703125,-0.0181121826171875,0
0.7470703125,-3.615234375,9.109375,-0.05218505859375,0.0021305084228515625,-0.0181121826171875,0
0.751953125,-3.541015625,9.125,-0.0628662109375,0.0010652542114257812,-0.02130126953125,0
0.7265625,-3.548828125,9.0859375,-0.059661865234375,0.004261016845703125,-0.024505615234375,0
0.7109375,-3.57421875,9.0078125,-0.059661865234375,0.00959014892578125,-0.0276947021484375,0
0.77197265625,-3.72265625,8.96875,-0.05859375,0.0181121826171875,-0.0234375,0
0.75048828125,-3.873046875,8.96875,-0.06072998046875,0.0266265869140625,-0.02130126953125,0
0.79248046875,-3.94921875,8.953125,-0.07135009765625,0.0287628173828125,-0.02557373046875,0
0.8212890625,-3.998046875,8.921875,-0.090576171875,0.0298309326171875,-0.02130126953125,0
0.84375,-4.1015625,8.921875,-0.1214599609375,0.0308990478515625,-0.0181121826171875,0
0.85107421875,-4.08203125,8.9375,-0.1629638671875,0.034088134765625,-0.0159759521484375,0
0.84033203125,-3.966796875,8.9296875,-0.2066650390625,0.03515625,-0.01384735107421875,0
0.8525390625,-3.8828125,8.96875,-0.21630859375,0.0308990478515625,-0.020233154296875,0
0.85009765625,-3.798828125,8.984375,-0.2152099609375,0.0266265869140625,-0.01491546630859375,0
0.86669921875,-3.75,9.0234375,-0.1949462890625,0.0181121826171875,-0.01491546630859375,0
0.87744140625,-3.74609375,9.0234375,-0.1640625,0.012786865234375,-0.022369384765625,0
0.8798828125,-3.798828125,8.9921875,-0.108642578125,0.00319671630859375,-0.0266265869140625,0
0.8525390625,-3.82421875,8.96875,-0.067138671875,-0.0021305084228515625,-0.020233154296875,0
0.82373046875,-3.873046875,8.9609375,-0.038360595703125,-0.0053253173828125,-0.0234375,0
0.79833984375,-3.849609375,8.953125,-0.0191802978515625,-0.01171875,-0.020233154296875,0
0.80810546875,-3.83984375,8.9296875,-0.01384735107421875,-0.022369384765625,-0.0159759521484375,0
0.7939453125,-3.84375,8.9296875,-0.0191802978515625,-0.0287628173828125,-0.0191802978515625,0
0.8212890625,-3.845703125,8.9296875,-0.0266265869140625,-0.03515625,-0.0191802978515625,0
0.85595703125,-3.865234375,8.9453125,-0.0266265869140625,-0.03729248046875,-0.0159759521484375,0
0.87255859375,-3.87109375,9,-0.024505615234375,-0.03729248046875,-0.01384735107421875,0
0.869140625,-3.876953125,9.0234375,-0.02130126953125,-0.04046630859375,-0.012786865234375,0
0.8486328125,-3.875,8.9921875,-0.0191802978515625,-0.04473876953125,-0.0053253173828125,0
0.826171875,-3.869140625,9.015625,-0.0234375,-0.04901123046875,-0.0063934326171875,0
0.81787109375,-3.849609375,8.96875,-0.0298309326171875,-0.05218505859375,-0.0063934326171875,0
0.810546875,-3.873046875,8.953125,-0.03515625,-0.05859375,-0.0053253173828125,0
0.7939453125,-3.87109375,8.90625,-0.04046630859375,-0.06072998046875,-0.00959014892578125,0
0.806640625,-3.9140625,8.8984375,-0.046875,-0.06072998046875,-0.01171875,0
0.81982421875,-3.90234375,8.8828125,-0.0511474609375,-0.05645751953125,-0.0159759521484375,0
0.84375,-3.91796875,8.875,-0.05218505859375,-0.053253173828125,-0.0181121826171875,0
0.890625,-3.998046875,8.8359375,-0.053253173828125,-0.0511474609375,-0.0191802978515625,0
0.92919921875,-4.05859375,8.8359375,-0.05859375,-0.046875,-0.01491546630859375,0
0.95166015625,-4.05859375,8.859375,-0.06390380859375,-0.045806884765625,-0.01491546630859375,0
0.9814453125,-4.01953125,8.8671875,-0.06817626953125,-0.046875,-0.01491546630859375,0
0.98388671875,-4.046875,8.8515625,-0.067138671875,-0.047943115234375,-0.012786865234375,0
0.9970703125,-4.05078125,8.8046875,-0.06500244140625,-0.04901123046875,-0.007457733154296875,0
0.974609375,-4.0625,8.796875,-0.06390380859375,-0.05218505859375,-0.004261016845703125,0
0.97216796875,-4.03125,8.8203125,-0.05645751953125,-0.057525634765625,-0.004261016845703125,0
0.9755859375,-4.01171875,8.8046875,-0.04473876953125,-0.057525634765625,-0.00319671630859375,0
0.96728515625,-4.0078125,8.8203125,-0.04046630859375,-0.0543212890625,0,0
0.94677734375,-3.970703125,8.8515625,-0.03729248046875,-0.050079345703125,0.0021305084228515625,0
0.9375,-3.994140625,8.859375,-0.03302001953125,-0.045806884765625,0.0063934326171875,0
0.94091796875,-4.02734375,8.890625,-0.031951904296875,-0.038360595703125,0.00852203369140625,0
0.93994140625,-4.015625,8.8984375,-0.024505615234375,-0.0298309326171875,0.00959014892578125,0
0.93505859375,-3.984375,8.9296875,-0.020233154296875,-0.022369384765625,0.007457733154296875,0
0.9111328125,-3.951171875,8.90625,-0.02130126953125,-0.01384735107421875,0.007457733154296875,0
0.90283203125,-3.94140625,8.9140625,-0.024505615234375,-0.0063934326171875,0.00852203369140625,0
0.90283203125,-3.91796875,8.9453125,-0.02557373046875,0,0.00852203369140625,0
0.86572265625,-3.888671875,8.9296875,-0.02130126953125,0.00319671630859375,0.007457733154296875,0
0.89892578125,-3.880859375,8.953125,-0.01171875,0.007457733154296875,0.0063934326171875,0
0.8896484375,-3.888671875,8.96875,-0.0053253173828125,0.012786865234375,0.007457733154296875,0
0.8955078125,-3.8828125,8.984375,-0.0010652542114257812,0.0181121826171875,0.0063934326171875,0
0.87646484375,-3.919921875,8.9375,0.0010652542114257812,0.0234375,0.0021305084228515625,0
0.85693359375,-3.923828125,8.953125,0,0.0266265869140625,-0.0010652542114257812,0
0.8525390625,-3.935546875,8.9296875,-0.0063934326171875,0.0287628173828125,-0.0021305084228515625,0
0.8486328125,-3.927734375,8.921875,-0.01384735107421875,0.0308990478515625,-0.004261016845703125,0
0.83447265625,-3.978515625,8.8984375,-0.024505615234375,0.034088134765625,-0.0063934326171875,0
0.83203125,-4.08203125,8.890625,-0.0394287109375,0.031951904296875,-0.00852203369140625,0
0.822265625,-4.08984375,8.875,-0.055389404296875,0.0308990478515625,-0.01171875,0
0.822265625,-4.09375,8.859375,-0.059661865234375,0.0308990478515625,-0.0170440673828125,0
0.80078125,-4.08984375,8.875,-0.0703125,0.031951904296875,-0.0191802978515625,0
0.80224609375,-4.0859375,8.8671875,-0.07562255859375,0.03302001953125,-0.0191802978515625,0
0.8154296875,-4.078125,8.875,-0.07672119140625,0.03302001953125,-0.0181121826171875,0
0.81640625,-4.07421875,8.8515625,-0.078857421875,0.0308990478515625,-0.0181121826171875,0
0.82861328125,-4.02734375,8.84375,-0.06817626953125,0.0298309326171875,-0.020233154296875,0
0.83544921875,-4.03515625,8.84375,-0.055389404296875,0.0287628173828125,-0.0191802978515625,0
0.83447265625,-4.03125,8.859375,-0.0426025390625,0.024505615234375,-0.0159759521484375,0
0.85498046875,-4.01953125,8.875,-0.034088134765625,0.022369384765625,-0.012786865234375,0
0.8310546875,-4.01953125,8.859375,-0.0298309326171875,0.0159759521484375,-0.01171875,0
0.83447265625,-4.02734375,8.8671875,-0.02557373046875,0.00959014892578125,-0.00959014892578125,0
0.83447265625,-4.00390625,8.875,-0.0234375,0.0053253173828125,-0.00852203369140625,0
0.8369140625,-4.0234375,8.8828125,-0.024505615234375,0.007457733154296875,0.0063934326171875,0
0.85107421875,-4.03515625,8.8671875,-0.022369384765625,0.007457733154296875,0.004261016845703125,0
0.8369140625,-4.0859375,8.796875,-0.020233154296875,0.007457733154296875,0.00852203369140625,0
0.826171875,-4.19140625,8.7734375,-0.02130126953125,0.00852203369140625,0.00959014892578125,0
0.79248046875,-4.16796875,8.8359375,-0.024505615234375,0.012786865234375,0.00959014892578125,0
0.767578125,-4.15625,8.8203125,-0.034088134765625,0.012786865234375,0.01171875,0
0.77685546875,-4.08984375,8.8515625,-0.036224365234375,0.012786865234375,0.01171875,0
0.7578125,-4.046875,8.8515625,-0.038360595703125,0.0159759521484375,0.012786865234375,0
0.74462890625,-4.01171875,8.8828125,-0.05218505859375,0.020233154296875,0.012786865234375,0
0.732421875,-3.98828125,8.921875,-0.06817626953125,0.020233154296875,0.01491546630859375,0
0.720703125,-4.015625,8.90625,-0.0660400390625,0.0170440673828125,0.0159759521484375,0
0.70849609375,-4.05859375,8.9375,-0.055389404296875,0.020233154296875,0.01491546630859375,0
0.8369140625,-4.0859375,8.796875,-0.0394287109375,0.022369384765625,0.012786865234375,0
0.826171875,-4.19140625,8.7734375,-0.0287628173828125,0.02130126953125,0.01384735107421875,0
0.79248046875,-4.16796875,8.8359375,-0.024505615234375,0.0191802978515625,0.01491546630859375,0
0.767578125,-4.15625,8.8203125,-0.02130126953125,0.01491546630859375,0.01384735107421875,0
0.77685546875,-4.08984375,8.8515625,-0.0266265869140625,0.012786865234375,0.01384735107421875,0
0.7578125,-4.046875,8.8515625,-0.0394287109375,0.012786865234375,0.01384735107421875,0
0.74462890625,-4.01171875,8.8828125,-0.050079345703125,0.00852203369140625,0.01384735107421875,0
0.732421875,-3.98828125,8.921875,-0.05859375,0.0021305084228515625,0.01384735107421875,0
0.720703125,-4.015625,8.90625,-0.0660400390625,0.0170440673828125,0.0159759521484375,0
0.70849609375,-4.05859375,8.9375,-0.055389404296875,0.020233154296875,0.01491546630859375,0
0.71923828125,-4.11328125,8.9296875,-0.0394287109375,0.022369384765625,0.012786865234375,0
0.7421875,-4.2109375,8.859375,-0.0287628173828125,0.02130126953125,0.01384735107421875,0
0.7529296875,-4.2890625,8.8203125,-0.024505615234375,0.0191802978515625,0.01491546630859375,0
0.69775390625,-4.19140625,8.8125,-0.02130126953125,0.01491546630859375,0.01384735107421875,0
0.7001953125,-4.1015625,8.8203125,-0.0266265869140625,0.012786865234375,0.01384735107421875,0
0.72314453125,-4.11328125,8.84375,-0.0394287109375,0.012786865234375,0.01384735107421875,0
0.75634765625,-4.07421875,8.875,-0.050079345703125,0.00852203369140625,0.01384735107421875,0
0.76611328125,-4.046875,8.875,-0.05859375,0.0021305084228515625,0.01384735107421875,0
0.7744140625,-4.05859375,8.8671875,-0.06072998046875,-0.0010652542114257812,0.01491546630859375,0
0.767578125,-4.078125,8.8515625,-0.050079345703125,-0.00852203369140625,0.01384735107421875,0
0.7470703125,-4.1328125,8.8125,-0.031951904296875,-0.010650634765625,0.010650634765625,0
0.76025390625,-4.16015625,8.7890625,-0.01491546630859375,-0.007457733154296875,0.00852203369140625,0
0.73046875,-4.11328125,8.7890625,-0.004261016845703125,-0.00852203369140625,0.004261016845703125,0
0.75537109375,-4.11328125,8.8046875,-0.0010652542114257812,-0.0181121826171875,0.007457733154296875,0
0.7939453125,-4.1640625,8.8125,-0.004261016845703125,-0.022369384765625,0.00319671630859375,0
0.80908203125,-4.2109375,8.8046875,-0.01384735107421875,-0.02557373046875,0.0021305084228515625,0
0.80322265625,-4.23046875,8.7890625,-0.0266265869140625,-0.0234375,0.0063934326171875,0
0.8154296875,-4.23046875,8.78125,-0.03515625,-0.02130126953125,0.004261016845703125,0
0.7900390625,-4.234375,8.796875,-0.0394287109375,-0.022369384765625,0.007457733154296875,0
0.767578125,-4.21484375,8.84375,-0.0426025390625,-0.022369384765625,0.00959014892578125,0
0.78173828125,-4.16796875,8.859375,-0.047943115234375,-0.0234375,0.010650634765625,0
0.779296875,-4.125,8.8359375,-0.05218505859375,-0.0266265869140625,0.007457733154296875,0
0.7685546875,-4.125,8.8046875,-0.0543212890625,-0.0266265869140625,0.00852203369140625,0
0.7255859375,-4.12109375,8.8515625,-0.0511474609375,-0.0234375,0.007457733154296875,0
0.72314453125,-4.12109375,8.859375,-0.046875,-0.022369384765625,0.004261016845703125,0
0.73388671875,-4.125,8.859375,-0.04046630859375,-0.024505615234375,0.00319671630859375,0
0.7587890625,-4.11328125,8.8359375,-0.03515625,-0.0266265869140625,0.0010652542114257812,0
0.8154296875,-4.171875,8.84375,-0.0308990478515625,-0.031951904296875,0.0021305084228515625,0
0.8642578125,-4.26953125,8.8203125,-0.0287628173828125,-0.0426025390625,0.00319671630859375,0
0.89794921875,-4.28125,8.7734375,-0.031951904296875,-0.050079345703125,0.004261016845703125,0
0.91357421875,-4.25390625,8.734375,-0.038360595703125,-0.0543212890625,0.007457733154296875,0
0.93017578125,-4.1875,8.7421875,-0.043670654296875,-0.057525634765625,0.007457733154296875,0
0.9375,-4.17578125,8.7109375,-0.053253173828125,-0.067138671875,0.010650634765625,0
0.9541015625,-4.18359375,8.6796875,-0.05859375,-0.07989501953125,0.0159759521484375,0
0.9375,-4.203125,8.71875,-0.06500244140625,-0.08843994140625,0.01491546630859375,0
0.91796875,-4.2109375,8.75,-0.0628662109375,-0.09375,0.0159759521484375,0
0.90380859375,-4.23046875,8.765625,-0.055389404296875,-0.096923828125,0.0234375,0
0.87158203125,-4.25390625,8.765625,-0.041534423828125,-0.09375,0.0266265869140625,0
0.85498046875,-4.27734375,8.78125,-0.02557373046875,-0.0894775390625,0.0266265869140625,0
0.822265625,-4.26953125,8.78125,-0.01491546630859375,-0.085205078125,0.02557373046875,0
0.7890625,-4.2109375,8.7421875,-0.010650634765625,-0.078857421875,0.022369384765625,0
0.81396484375,-4.19140625,8.765625,-0.01491546630859375,-0.0703125,0.0191802978515625,0
0.83935546875,-4.203125,8.75,-0.0191802978515625,-0.057525634765625,0.0159759521484375,0
0.8583984375,-4.25,8.734375,-0.0234375,-0.043670654296875,0.012786865234375,0
0.84619140625,-4.26171875,8.7890625,-0.022369384765625,-0.03515625,0.00852203369140625,0
0.82958984375,-4.2578125,8.796875,-0.01384735107421875,-0.02557373046875,0.0010652542114257812,0
0.83447265625,-4.26953125,8.78125,0.0010652542114257812,-0.01384735107421875,-0.0010652542114257812,0
0.86669921875,-4.3046875,8.8125,0.00852203369140625,-0.0053253173828125,-0.0053253173828125,0
0.8642578125,-4.25,8.796875,0.012786865234375,-0.0010652542114257812,-0.010650634765625,0
0.84619140625,-4.1640625,8.78125,0.00959014892578125,-0.0021305084228515625,-0.0170440673828125,0
0.822265625,-4.11328125,8.8046875,0.00319671630859375,-0.0010652542114257812,-0.020233154296875,0
0.8046875,-4.06640625,8.8125,0,0.0021305084228515625,-0.02557373046875,0
0.8154296875,-4.08203125,8.84375,-0.004261016845703125,0.004261016845703125,-0.03302001953125,0
0.8310546875,-4.16015625,8.859375,-0.01384735107421875,0.0010652542114257812,-0.034088134765625,0
0.826171875,-4.2109375,8.9140625,-0.012786865234375,-0.004261016845703125,-0.038360595703125,0
0.84619140625,-4.203125,8.9140625,0,-0.01384735107421875,-0.038360595703125,0
0.83935546875,-4.1875,8.8984375,0.0063934326171875,-0.0191802978515625,-0.034088134765625,0
0.8681640625,-4.20703125,8.8515625,0.00852203369140625,-0.0266265869140625,-0.03302001953125,0
0.87744140625,-4.1953125,8.828125,0.004261016845703125,-0.038360595703125,-0.0298309326171875,0
0.90869140625,-4.19921875,8.765625,-0.01171875,-0.053253173828125,-0.0287628173828125,0
0.97802734375,-4.203125,8.7578125,-0.0287628173828125,-0.07135009765625,-0.0308990478515625,0
1.04296875,-4.2265625,8.75,-0.04473876953125,-0.09375,-0.0287628173828125,0
1.060546875,-4.2421875,8.7578125,-0.050079345703125,-0.11077880859375,-0.02557373046875,0
1.0810546875,-4.2421875,8.7734375,-0.053253173828125,-0.12890625,-0.0234375,0
1.0966796875,-4.24609375,8.8203125,-0.0511474609375,-0.1480712890625,-0.0191802978515625,0
1.111328125,-4.2265625,8.828125,-0.050079345703125,-0.16943359375,-0.010650634765625,0
1.1083984375,-4.2578125,8.8359375,-0.050079345703125,-0.1875,-0.0053253173828125,0
1.1083984375,-4.26953125,8.8515625,-0.04473876953125,-0.207763671875,-0.00319671630859375,0
1.1044921875,-4.2890625,8.7890625,-0.038360595703125,-0.2269287109375,-0.0010652542114257812,0
1.126953125,-4.23046875,8.8046875,-0.03302001953125,-0.24072265625,0.0021305084228515625,0
1.14453125,-4.08203125,8.7578125,-0.02557373046875,-0.249267578125,0,0
1.1376953125,-4.3828125,8.78125,-0.0234375,-0.254638671875,0,0
1.171875,-4.42578125,8.6484375,-0.020233154296875,-0.265380859375,-0.004261016845703125,0
1.15625,-4.34765625,8.4296875,-0.022369384765625,-0.278076171875,-0.012786865234375,0
1.2470703125,-4.671875,8.5390625,-0.031951904296875,-0.283447265625,-0.0170440673828125,0
1.42578125,-4.71484375,8.515625,-0.03515625,-0.29296875,-0.0191802978515625,0
1.4296875,-4.55859375,8.5078125,-0.03515625,-0.29931640625,-0.031951904296875,0
1.392578125,-4.53125,8.5546875,-0.03515625,-0.3037109375,-0.047943115234375,0
1.3623046875,-4.51171875,8.6640625,0.284423828125,-0.31005859375,-0.161865234375,0
0.720703125,-4.62890625,8.734375,0.3408203125,-0.297119140625,-0.207763671875,0
0.5625,-4.9765625,8.921875,0.325927734375,-0.29296875,-0.22802734375,0
0.68115234375,-4.91796875,9,0.33984375,-0.349365234375,-0.2471923828125,0
0.8798828125,-4.515625,9.3515625,0.378173828125,-0.389892578125,-0.267333984375,0
1.171875,-4.23046875,9.59375,0.389892578125,-0.4208984375,-0.28125,0
1.2158203125,-4.21875,9.6796875,0.331298828125,-0.41748046875,-0.27587890625,0
1.1201171875,-4.25390625,9.7734375,0.190673828125,-0.3974609375,-0.2587890625,0
0.96142578125,-4.265625,9.8203125,0.06817626953125,-0.34619140625,-0.255615234375,0
0.6884765625,-4.41015625,9.703125,0.00319671630859375,-0.3056640625,-0.24609375,0
0.406982421875,-4.89453125,9.4765625,0.067138671875,-0.2568359375,-0.22265625,0
0.720703125,-4.62890625,8.734375,0.2705078125,-0.3154296875,-0.2578125,0
0.5625,-4.9765625,8.921875,0.426025390625,-0.4091796875,-0.284423828125,0
0.68115234375,-4.91796875,9,0.5859375,-0.443115234375,-0.2919921875,0
0.8798828125,-4.515625,9.3515625,0.6455078125,-0.448486328125,-0.308837890625,0
1.171875,-4.23046875,9.59375,0.6220703125,-0.4228515625,-0.297119140625,0
1.2158203125,-4.21875,9.6796875,0.5498046875,-0.390869140625,-0.289794921875,0
1.1201171875,-4.25390625,9.7734375,0.45703125,-0.371826171875,-0.284423828125,0
0.96142578125,-4.265625,9.8203125,0.377197265625,-0.377197265625,-0.260986328125,0
0.6884765625,-4.41015625,9.703125,0.39306640625,-0.4111328125,-0.2471923828125,0
0.406982421875,-4.89453125,9.4765625,0.067138671875,-0.2568359375,-0.22265625,0
0.271728515625,-5.3203125,9.4453125,0.2705078125,-0.3154296875,-0.2578125,0
0.3388671875,-5.32421875,9.4609375,0.426025390625,-0.4091796875,-0.284423828125,0
0.5087890625,-5.1796875,9.640625,0.5859375,-0.443115234375,-0.2919921875,0
0.62109375,-4.92578125,9.7421875,0.6455078125,-0.448486328125,-0.308837890625,0
0.583984375,-4.62109375,9.7109375,0.6220703125,-0.4228515625,-0.297119140625,0
0.5146484375,-4.41796875,9.6015625,0.5498046875,-0.390869140625,-0.289794921875,0
0.51611328125,-4.296875,9.515625,0.45703125,-0.371826171875,-0.284423828125,0
0.475341796875,-4.28515625,9.4375,0.377197265625,-0.377197265625,-0.260986328125,0
0.4345703125,-4.3203125,9.4140625,0.39306640625,-0.4111328125,-0.2471923828125,0
0.46337890625,-4.40625,9.375,0.49853515625,-0.4443359375,-0.253662109375,0
0.494384765625,-4.46484375,9.265625,0.6943359375,-0.47412109375,-0.2802734375,0
0.55322265625,-4.46875,9.3359375,0.9150390625,-0.4931640625,-0.30029296875,0
0.59716796875,-4.5703125,9.3828125,1.0361328125,-0.48779296875,-0.289794921875,0
0.79150390625,-4.98828125,9.5390625,1.076171875,-0.478271484375,-0.284423828125,0
1.05078125,-5.3984375,9.546875,1.0517578125,-0.466552734375,-0.296142578125,0
1.2509765625,-5.51171875,9.375,0.95751953125,-0.46337890625,-0.29296875,0
1.3837890625,-5.48828125,9.3046875,0.81689453125,-0.4560546875,-0.2568359375,0
1.197265625,-5.5703125,9.1640625,0.67236328125,-0.45703125,-0.2130126953125,0
1.005859375,-5.96484375,9.0546875,0.5390625,-0.482666015625,-0.1566162109375,0
0.9228515625,-6.4140625,9.078125,0.431396484375,-0.513671875,-0.096923828125,0
1.1142578125,-6.84375,9.0078125,0.33544921875,-0.5400390625,-0.03302001953125,0
1.51171875,-7.3984375,8.8046875,0.22802734375,-0.58154296875,0.046875,0
1.80078125,-7.703125,8.5390625,0.12359619140625,-0.63720703125,0.132080078125,0
1.88671875,-7.87890625,8.171875,0.00852203369140625,-0.66796875,0.225830078125,0
1.8857421875,-8.0078125,7.86328125,-0.0863037109375,-0.666015625,0.306884765625,0
1.6806640625,-7.84375,7.52734375,-0.1683349609375,-0.6240234375,0.38037109375,0
1.4140625,-7.453125,7.359375,-0.297119140625,-0.5859375,0.484619140625,0
1.2861328125,-7.31640625,7.2734375,-0.4560546875,-0.59033203125,0.583984375,0
1.107421875,-7.98046875,7.09375,-0.57958984375,-0.630859375,0.66357421875,0
1.259765625,-9.0703125,7.15234375,-0.611328125,-0.67529296875,0.6796875,0
1.9775390625,-9.6484375,7.40625,-0.5283203125,-0.68505859375,0.6806640625,0
3.01171875,-9.59375,7.8046875,-0.388916015625,-0.654296875,0.716796875,0
4.0859375,-9.5078125,8.2890625,-0.20556640625,-0.59765625,0.7529296875,0
4.8203125,-9.5625,8.5625,0.0308990478515625,-0.5283203125,0.76904296875,0
5.20703125,-9.609375,8.59375,0.27685546875,-0.45263671875,0.77001953125,0
5.4296875,-9.5390625,8.5,0.4814453125,-0.3857421875,0.7255859375,0
5.51953125,-9.1484375,8.25,0.5732421875,-0.343994140625,0.6826171875,0
5.59765625,-8.546875,8.15625,0.61767578125,-0.40478515625,0.72021484375,0
5.7734375,-7.98828125,8.125,0.74658203125,-0.572265625,0.79052734375,0
6.10546875,-7.53515625,8.0234375,0.94189453125,-0.7294921875,0.83837890625,0
6.40625,-7.19921875,7.828125,1.1689453125,-0.80859375,0.892578125,0
6.49609375,-6.9609375,7.62890625,1.380859375,-0.7978515625,0.994140625,0
6.28515625,-6.83984375,7.3828125,1.5166015625,-0.728515625,1.1591796875,0
6.01171875,-6.85546875,7.19140625,1.607421875,-0.62939453125,1.3466796875,0
5.98046875,-6.875,6.96484375,1.6767578125,-0.5029296875,1.5048828125,0
6.0859375,-6.77734375,6.53125,1.6982421875,-0.354736328125,1.6572265625,0
6.27734375,-6.66015625,6.1015625,1.6572265625,-0.22802734375,1.833984375,0
6.484375,-6.4609375,5.6796875,1.5361328125,-0.1427001953125,2.03515625,0
6.546875,-6.14453125,5.45703125,1.333984375,-0.0745849609375,2.234375,0
6.5390625,-5.79296875,5.12890625,1.12890625,0.01491546630859375,2.416015625,0
6.33203125,-5.51171875,4.203125,0.95751953125,0.1448974609375,2.5859375,0
5.68359375,-5.2421875,3.017578125,0.7998046875,0.2802734375,2.744140625,0
5.01171875,-4.84765625,1.8544921875,0.681640625,0.36328125,2.88671875,0
4.44140625,-4.5546875,1.1962890625,0.59033203125,0.384521484375,3,0
4.12109375,-4.6640625,1.302734375,0.51123046875,0.365478515625,3.091796875,0
4.43359375,-4.75,1.8544921875,0.48779296875,0.319580078125,3.1484375,0
4.94140625,-4.3203125,2.1640625,0.52001953125,0.290771484375,3.197265625,0
4.9375,-3.681640625,2.251953125,0.53076171875,0.26318359375,3.2734375,0
4.53125,-2.896484375,2.599609375,0.5166015625,0.18212890625,3.33984375,0
3.98046875,-1.8232421875,2.802734375,0.5048828125,0.102294921875,3.44921875,0
3.255859375,-0.9013671875,2.833984375,0.5166015625,-0.007457733154296875,3.59375,0
2.5859375,-0.6513671875,2.86328125,0.55078125,-0.167236328125,3.69921875,0
2.37890625,-0.662109375,3.099609375,0.63720703125,-0.367431640625,3.791015625,0
2.328125,-0.414306640625,3.416015625,0.85107421875,-0.60205078125,3.875,0
2.171875,-0.35205078125,3.57421875,1.119140625,-0.80419921875,3.91015625,0
2.072265625,-0.53271484375,3.908203125,1.3623046875,-0.892578125,3.923828125,0
2.40234375,-0.68701171875,4.57421875,1.6298828125,-0.88623046875,3.93359375,0
3.25,-0.525390625,5.3046875,1.8203125,-0.82763671875,3.935546875,0
4.40234375,0.1783447265625,5.859375,1.8330078125,-0.76611328125,3.9375,0
5.5390625,1.056640625,6.5,1.7431640625,-0.76708984375,3.953125,0
6.37890625,2.16015625,6.5234375,1.6396484375,-0.86279296875,3.923828125,0
6.67578125,2.8359375,5.97265625,1.5546875,-0.984375,3.84375,0
6.609375,2.0703125,5.21484375,1.4921875,-1.056640625,3.736328125,0
6.74609375,0.59375,4.91015625,1.4736328125,-1.1396484375,3.591796875,0
7.3515625,-0.11614990234375,5.3125,1.5478515625,-1.2744140625,3.4453125,0
7.74609375,-0.630859375,5.53515625,1.6884765625,-1.4462890625,3.298828125,0
7.56640625,-0.9267578125,4.7265625,1.8876953125,-1.6015625,3.126953125,0
6.91796875,-0.779296875,3.93359375,2.076171875,-1.6806640625,2.9375,0
6.390625,-0.62255859375,3.8046875,2.162109375,-1.6923828125,2.76953125,0
6.515625,-0.51708984375,3.96875,1.9677734375,-1.6328125,2.69921875,0
7.6015625,-0.76123046875,4.234375,1.53125,-1.6015625,2.720703125,0
9.3125,-1.3017578125,4.671875,1.095703125,-1.6572265625,2.724609375,0
10.9453125,-2.046875,5.59765625,0.83642578125,-1.8193359375,2.654296875,0
12.3046875,-2.158203125,6.421875,0.76708984375,-1.953125,2.5,0
13,-1.130859375,7.53125,0.880859375,-2.025390625,2.279296875,0
13.578125,-0.385498046875,9.046875,1.1376953125,-2.044921875,2.0625,0
13.9140625,-0.2490234375,9.046875,1.4091796875,-2.041015625,1.880859375,0
13.546875,-0.91357421875,8.84375,1.5556640625,-2.064453125,1.7158203125,0
13.1015625,-1.5888671875,8.6875,-0.10015869140625,-1.3232421875,0.283447265625,0
12.9921875,-1.2236328125,8.65625,-0.325927734375,-1.2080078125,0.572265625,0
13.78125,-0.04071044921875,11.171875,1.1044921875,-0.243896484375,0.47607421875,0
6.71875,-0.289794921875,7.5859375,1.8515625,1.0302734375,0.6083984375,0
6.75390625,-0.63427734375,9.0703125,0.7529296875,1.0859375,0.501953125,0
6.62890625,-0.763671875,10.0234375,-0.3056640625,0.72021484375,0.4794921875,0
6.19140625,-0.73388671875,10.125,-0.6318359375,0.4091796875,0.55517578125,0
5.71875,-0.63330078125,9.7890625,-0.3857421875,0.343994140625,0.426025390625,0
5.23046875,-0.47412109375,9.40625,-0.173583984375,0.41748046875,0.2386474609375,0
4.86328125,-0.408203125,9.1015625,-0.08843994140625,0.4228515625,0.1331787109375,0
4.73828125,-0.62841796875,8.9296875,0.00319671630859375,0.36328125,0.11077880859375,0
4.80859375,-1.091796875,8.6484375,0.2034912109375,0.33544921875,0.05859375,0
6.71875,-0.289794921875,7.5859375,0.400634765625,0.379150390625,-0.0276947021484375,0
6.75390625,-0.63427734375,9.0703125,0.4326171875,0.40576171875,-0.05645751953125,0
6.62890625,-0.763671875,10.0234375,0.302490234375,0.412353515625,-0.02557373046875,0
6.19140625,-0.73388671875,10.125,0.1214599609375,0.4580078125,-0.0170440673828125,0
5.71875,-0.63330078125,9.7890625,-0.1011962890625,0.5263671875,-0.01171875,0
5.23046875,-0.47412109375,9.40625,-0.34521484375,0.548828125,0.0063934326171875,0
4.86328125,-0.408203125,9.1015625,-0.52099609375,0.537109375,0.020233154296875,0
4.73828125,-0.62841796875,8.9296875,-0.587890625,0.4921875,0.0191802978515625,0
4.80859375,-1.091796875,8.6484375,0.2034912109375,0.33544921875,0.05859375,0
4.9296875,-1.6015625,8.0703125,0.400634765625,0.379150390625,-0.0276947021484375,0
4.734375,-1.99609375,7.78125,0.4326171875,0.40576171875,-0.05645751953125,0
4.4609375,-2.259765625,7.62109375,0.302490234375,0.412353515625,-0.02557373046875,0
4.2109375,-2.50390625,7.546875,0.1214599609375,0.4580078125,-0.0170440673828125,0
4.22265625,-2.357421875,7.25,-0.1011962890625,0.5263671875,-0.01171875,0
4.25390625,-2.06640625,7.01171875,-0.34521484375,0.548828125,0.0063934326171875,0
4.1796875,-1.865234375,6.7109375,-0.52099609375,0.537109375,0.020233154296875,0
4.1015625,-1.7099609375,6.5234375,-0.587890625,0.4921875,0.0191802978515625,0
4.37890625,-2.373046875,6.9765625,-0.52197265625,0.471923828125,-0.00852203369140625,0
3.796875,-2.455078125,6.671875,-0.36962890625,0.496337890625,-0.0703125,0
3.2265625,-1.78125,7.30078125,-0.284423828125,0.5380859375,-0.1300048828125,0
4.20703125,-2.59375,8.8828125,-0.2919921875,0.5380859375,-0.1480712890625,0
3.8984375,-3.09375,8.15625,-0.361083984375,0.55078125,-0.14697265625,0
3.326171875,-1.8349609375,8.5078125,-0.435791015625,0.607421875,-0.1640625,0
4.0546875,-2.16796875,9.7109375,-0.525390625,0.6455078125,-0.1746826171875,0
3.724609375,-2.7109375,8.53125,-0.70947265625,0.62744140625,-0.1800537109375,0
3.2578125,-1.22265625,8.421875,-0.75634765625,0.73291015625,-0.19287109375,0
4.234375,-2.267578125,9.90625,-0.51220703125,0.85205078125,-0.160888671875,0
3.759765625,-2.73828125,8.7890625,-0.56884765625,0.63916015625,-0.155517578125,0
2.865234375,-0.64306640625,8.5546875,-0.61767578125,0.6318359375,-0.2705078125,0
4.05078125,-1.6044921875,10.5546875,-0.1534423828125,0.7861328125,-0.283447265625,0
4.1015625,-2.796875,10.1875,-0.1448974609375,0.541015625,-0.2237548828125,0
3.5390625,-0.34228515625,9.3046875,-0.09906005859375,0.666015625,-0.35693359375,0
4.67578125,-0.332763671875,9.8125,0.331298828125,0.8671875,-0.39404296875,0
5.1015625,-1.4296875,8.265625,0.17041015625,0.55517578125,-0.2481689453125,0
4.6796875,-0.468017578125,8.0546875,0.1395263671875,0.705078125,-0.384521484375,0
4.51171875,-0.9326171875,8.3515625,0.5419921875,0.86376953125,-0.349365234375,0
4.6796875,-1.2529296875,8.796875,0.35791015625,0.4921875,-0.1427001953125,0
4.43359375,-1.1787109375,9.0546875,0.20556640625,0.46337890625,-0.307861328125,0
4.5,-1.5244140625,9.625,0.576171875,0.60205078125,-0.336669921875,0
4.4140625,-1.6416015625,9.7109375,0.273681640625,0.25146484375,-0.1129150390625,0
4.3046875,-1.494140625,9.625,-0.1160888671875,0.22265625,-0.272705078125,0
3.96875,-1.2666015625,9.390625,-0.07135009765625,0.35791015625,-0.3759765625,0
3.779296875,-1.2724609375,9.0859375,-0.424072265625,0.167236328125,-0.11077880859375,0
3.525390625,-1.4111328125,8.78125,-0.34619140625,0.297119140625,-0.220458984375,0
3.451171875,-1.521484375,8.4453125,-0.265380859375,0.260009765625,-0.272705078125,0
3.34765625,-1.69921875,8.40625,-0.1651611328125,0.273681640625,-0.26318359375,0
3.232421875,-1.876953125,8.6953125,-0.085205078125,0.2705078125,-0.355712890625,0
2.99609375,-1.703125,9.1484375,-0.053253173828125,0.266357421875,-0.430419921875,0
2.8828125,-1.6865234375,9.6953125,-0.143798828125,0.23974609375,-0.4931640625,0
2.73828125,-1.8818359375,10.1171875,-0.366455078125,0.2237548828125,-0.525390625,0
2.46484375,-2,10.2265625,-0.61572265625,0.1246337890625,-0.55712890625,0
2.228515625,-2.150390625,10.546875,-0.80419921875,0.00319671630859375,-0.517578125,0
1.7880859375,-2.3359375,10.0625,-0.9013671875,-0.08306884765625,-0.489013671875,0
1.5810546875,-2.4453125,9.4765625,-0.84375,-0.10650634765625,-0.50732421875,0
1.869140625,-2.318359375,10.2890625,-0.7060546875,-0.12249755859375,-0.48681640625,0
1.609375,-1.833984375,9.6171875,-0.57421875,-0.13525390625,-0.41748046875,0
1.2333984375,-1.5537109375,8.8125,-0.447509765625,-0.132080078125,-0.384521484375,0
1.7861328125,-1.564453125,8.5625,-0.38037109375,-0.11932373046875,-0.3388671875,0
2.568359375,-1.4296875,8.5859375,-0.377197265625,-0.0809326171875,-0.271728515625,0
2.955078125,-1.267578125,8.7421875,-0.4345703125,-0.022369384765625,-0.207763671875,0
3.251953125,-1.294921875,8.7890625,-0.5029296875,0.047943115234375,-0.13427734375,0
3.595703125,-1.5224609375,8.90625,-0.494384765625,0.04046630859375,-0.078857421875,0
3.921875,-1.630859375,9.1953125,-0.390869140625,0.08416748046875,-0.0543212890625,0
4.19921875,-1.505859375,9.515625,-0.20458984375,0.2066650390625,-0.02130126953125,0
4.34375,-1.388671875,9.6875,-0.1246337890625,0.178955078125,0.02557373046875,0
4.46875,-1.4326171875,9.6796875,-0.038360595703125,0.1097412109375,-0.01171875,0
4.55078125,-1.6259765625,9.59375,0.0298309326171875,0.0628662109375,-0.0298309326171875,0
4.50390625,-1.7333984375,9.328125,0.102294921875,0.0543212890625,-0.0021305084228515625,0
4.36328125,-1.703125,9.109375,0.1949462890625,0.04473876953125,0.024505615234375,0
4.15234375,-1.810546875,8.8671875,0.3056640625,0.0181121826171875,0.0308990478515625,0
3.935546875,-2.02734375,8.7265625,0.389892578125,-0.020233154296875,0.050079345703125,0
3.724609375,-2.255859375,8.625,0.414306640625,-0.047943115234375,0.0809326171875,0
3.5390625,-2.365234375,8.6484375,0.35888671875,-0.067138671875,0.10760498046875,0
3.458984375,-2.392578125,8.78125,0.25244140625,-0.09375,0.12890625,0
3.484375,-2.345703125,8.90625,0.1448974609375,-0.1171875,0.149169921875,0
3.546875,-2.306640625,8.96875,0.03515625,-0.125732421875,0.17578125,0
3.48828125,-2.31640625,8.984375,-0.07244873046875,-0.1160888671875,0.1875,0
3.47265625,-2.328125,8.96875,-0.173583984375,-0.102294921875,0.18212890625,0
3.54296875,-2.291015625,8.875,-0.2587890625,-0.0980224609375,0.1746826171875,0
3.658203125,-2.271484375,8.8046875,-0.29296875,-0.0980224609375,0.15234375,0
3.771484375,-2.29296875,8.796875,-0.285400390625,-0.10650634765625,0.1278076171875,0
3.83984375,-2.1953125,8.75,-0.25244140625,-0.1160888671875,0.1043701171875,0
3.8515625,-2.111328125,8.65625,-0.2012939453125,-0.12359619140625,0.07562255859375,0
3.806640625,-2.166015625,8.5859375,-0.1651611328125,-0.10650634765625,0.046875,0
3.697265625,-2.251953125,8.5703125,-0.1417236328125,-0.08306884765625,0.0287628173828125,0
3.626953125,-2.291015625,8.5625,-0.125732421875,-0.07672119140625,0.022369384765625,0
3.544921875,-2.25,8.5625,-0.12359619140625,-0.0745849609375,0.01384735107421875,0
3.51171875,-2.302734375,8.6953125,0.108642578125,-0.0745849609375,-0.04473876953125,0
3.48046875,-2.40234375,8.8125,0.1480712890625,-0.06390380859375,-0.04901123046875,0
3.765625,-1.7861328125,8.9765625,0.18115234375,-0.061798095703125,-0.0543212890625,0
3.9453125,-1.6953125,9.109375,0.207763671875,-0.0777587890625,-0.0543212890625,0
4.2734375,-1.666015625,9.1328125,0.237548828125,-0.108642578125,-0.05218505859375,0
4.5390625,-1.6484375,9.09375,0.284423828125,-0.1534423828125,-0.053253173828125,0
4.6484375,-1.59375,8.9765625,0.31640625,-0.220458984375,-0.050079345703125,0
4.69921875,-1.4755859375,8.796875,0.33544921875,-0.31103515625,-0.0426025390625,0
4.69921875,-1.4111328125,8.546875,0.361083984375,-0.402587890625,-0.03729248046875,0
4.75,-1.55859375,8.5078125,0.379150390625,-0.477294921875,-0.036224365234375,0
4.8515625,-1.7216796875,8.6171875,0.378173828125,-0.525390625,-0.0276947021484375,0
4.859375,-1.669921875,8.7265625,0.37060546875,-0.54638671875,-0.01171875,0
4.8203125,-1.6279296875,8.7421875,0.33544921875,-0.55615234375,0,0
4.7890625,-1.697265625,8.65625,0.266357421875,-0.5615234375,0.01384735107421875,0
3.765625,-1.7861328125,8.9765625,0.220458984375,-0.57958984375,0.00959014892578125,0
3.9453125,-1.6953125,9.109375,0.1875,-0.5888671875,-0.0053253173828125,0
4.2734375,-1.666015625,9.1328125,0.14697265625,-0.5625,-0.00852203369140625,0
4.5390625,-1.6484375,9.09375,0.10650634765625,-0.51904296875,-0.0234375,0
4.6484375,-1.59375,8.9765625,0.078857421875,-0.454833984375,-0.0511474609375,0
4.69921875,-1.4755859375,8.796875,0.33544921875,-0.31103515625,-0.0426025390625,0
4.69921875,-1.4111328125,8.546875,0.361083984375,-0.402587890625,-0.03729248046875,0
4.75,-1.55859375,8.5078125,0.379150390625,-0.477294921875,-0.036224365234375,0
4.8515625,-1.7216796875,8.6171875,0.378173828125,-0.525390625,-0.0276947021484375,0
4.859375,-1.669921875,8.7265625,0.37060546875,-0.54638671875,-0.01171875,0
4.8203125,-1.6279296875,8.7421875,0.33544921875,-0.55615234375,0,0
4.7890625,-1.697265625,8.65625,0.266357421875,-0.5615234375,0.01384735107421875,0
4.66796875,-1.8017578125,8.515625,0.220458984375,-0.57958984375,0.00959014892578125,0
4.5390625,-1.890625,8.28125,0.1875,-0.5888671875,-0.0053253173828125,0
4.390625,-1.94921875,8.0546875,0.14697265625,-0.5625,-0.00852203369140625,0
4.23828125,-1.9775390625,7.88671875,0.10650634765625,-0.51904296875,-0.0234375,0
4.15625,-2.052734375,7.8359375,0.078857421875,-0.454833984375,-0.0511474609375,0
4.1328125,-2.140625,7.84765625,0.0511474609375,-0.3759765625,-0.07244873046875,0
4.140625,-2.119140625,7.97265625,0.0159759521484375,-0.297119140625,-0.08843994140625,0
4.1796875,-1.986328125,8.265625,-0.01491546630859375,-0.2301025390625,-0.102294921875,0
4.2421875,-1.7861328125,8.53125,-0.0308990478515625,-0.16943359375,-0.12249755859375,0
4.3125,-1.6357421875,8.5546875,-0.0426025390625,-0.1160888671875,-0.1363525390625,0
4.30078125,-1.515625,8.5546875,-0.031951904296875,-0.0777587890625,-0.1417236328125,0
4.296875,-1.4091796875,8.546875,0.0159759521484375,-0.04473876953125,-0.15234375,0
4.30859375,-1.333984375,8.5546875,0.0777587890625,-0.012786865234375,-0.161865234375,0
4.33984375,-1.318359375,8.6171875,0.1097412109375,0.01384735107421875,-0.1629638671875,0
4.39453125,-1.2783203125,8.6953125,0.114013671875,0.04046630859375,-0.155517578125,0
4.51171875,-1.23828125,8.8359375,0.108642578125,0.06500244140625,-0.14697265625,0
4.61328125,-1.16015625,8.8515625,0.09161376953125,0.078857421875,-0.1278076171875,0
4.63671875,-1.072265625,8.8359375,0.07562255859375,0.078857421875,-0.1043701171875,0
4.6171875,-1.0458984375,8.71875,0.073486328125,0.07135009765625,-0.08203125,0
4.46875,-1.037109375,8.6171875,0.085205078125,0.061798095703125,-0.06072998046875,0
4.421875,-1.0107421875,8.6796875,0.108642578125,0.061798095703125,-0.04473876953125,0
4.4453125,-0.958984375,8.796875,0.1278076171875,0.0777587890625,-0.03302001953125,0
4.51171875,-0.97802734375,8.96875,0.1331787109375,0.09161376953125,-0.022369384765625,0
4.58984375,-1.0302734375,9.1796875,0.125732421875,0.10546875,-0.01384735107421875,0
4.58203125,-1.140625,9.2265625,0.1097412109375,0.090576171875,0.004261016845703125,0
4.55078125,-1.3466796875,9.171875,0.1097412109375,0.05645751953125,0.01491546630859375,0
4.4921875,-1.53515625,9,0.11932373046875,0.0276947021484375,0.012786865234375,0
4.40625,-1.607421875,8.78125,0.1246337890625,0.0021305084228515625,0.00852203369140625,0
4.3203125,-1.6376953125,8.5859375,0.11187744140625,-0.01384735107421875,0.004261016845703125,0
4.33984375,-1.6396484375,8.546875,0.0809326171875,-0.020233154296875,0.0063934326171875,0
4.359375,-1.607421875,8.5546875,0.045806884765625,-0.0234375,0.00959014892578125,0
4.375,-1.591796875,8.5703125,0.01384735107421875,-0.0276947021484375,0.0170440673828125,0
4.390625,-1.6123046875,8.5859375,-0.0308990478515625,-0.03729248046875,0.02557373046875,0
4.34375,-1.6181640625,8.5703125,-0.07562255859375,-0.053253173828125,0.03515625,0
4.2578125,-1.611328125,8.5234375,-0.08734130859375,-0.07135009765625,0.03729248046875,0
4.25390625,-1.6162109375,8.5078125,-0.07989501953125,-0.0777587890625,0.031951904296875,0
4.29296875,-1.5947265625,8.6171875,-0.0660400390625,-0.0692138671875,0.024505615234375,0
4.3671875,-1.5380859375,8.6796875,-0.04901123046875,-0.053253173828125,0.024505615234375,0
4.4140625,-1.4638671875,8.734375,-0.034088134765625,-0.0394287109375,0.02557373046875,0
4.4921875,-1.4462890625,8.765625,-0.0266265869140625,-0.036224365234375,0.031951904296875,0
4.57421875,-1.4609375,8.765625,-0.0159759521484375,-0.043670654296875,0.03729248046875,0
4.62890625,-1.49609375,8.75,0.0053253173828125,-0.0511474609375,0.034088134765625,0
4.65234375,-1.4892578125,8.6796875,0.024505615234375,-0.0543212890625,0.0298309326171875,0
4.625,-1.5146484375,8.6328125,0.031951904296875,-0.05218505859375,0.024505615234375,0
4.671875,-1.595703125,8.5859375,0.0308990478515625,-0.046875,0.01491546630859375,0
4.7265625,-1.7236328125,8.46875,0.0234375,-0.038360595703125,0.0010652542114257812,0
4.65234375,-1.85546875,8.34375,0.0159759521484375,-0.024505615234375,-0.007457733154296875,0
4.4296875,-1.9912109375,8.3125,0.007457733154296875,-0.004261016845703125,-0.0191802978515625,0
4.1875,-1.970703125,8.40625,0.0053253173828125,0.0181121826171875,-0.0298309326171875,0
4.16796875,-1.8671875,8.578125,0.01171875,0.06072998046875,-0.0426025390625,0
4.30859375,-1.84765625,8.6875,0.031951904296875,0.14697265625,-0.061798095703125,0
4.359375,-1.8056640625,8.7421875,0.059661865234375,0.232177734375,-0.0745849609375,0
4.34375,-1.6728515625,8.7890625,0.0894775390625,0.2578125,-0.06500244140625,0
4.25390625,-1.548828125,8.7734375,0.1160888671875,0.20458984375,-0.038360595703125,0
4.2421875,-1.4404296875,8.7890625,0.14599609375,0.12359619140625,-0.02557373046875,0
4.27734375,-1.2998046875,8.765625,0.18115234375,0.07135009765625,-0.020233154296875,0
4.28125,-1.119140625,8.796875,0.208740234375,0.03729248046875,-0.01171875,0
4.34375,-1.01953125,8.796875,0.231201171875,0,-0.0010652542114257812,0
4.41015625,-0.921875,8.796875,0.2449951171875,-0.03729248046875,0,0
4.44140625,-0.8583984375,8.8515625,0.253662109375,-0.08843994140625,0,0
4.44140625,-0.81884765625,8.8203125,0.266357421875,-0.12890625,0.0010652542114257812,0
4.515625,-0.76611328125,8.8125,0.271728515625,-0.1661376953125,0.0021305084228515625,0
4.65625,-0.853515625,8.75,0.267333984375,-0.18115234375,-0.004261016845703125,0
4.50390625,-0.93603515625,8.625,0.2481689453125,-0.1917724609375,-0.0159759521484375,0
4.49609375,-0.7099609375,8.8046875,0.22900390625,-0.2066650390625,-0.0170440673828125,0
4.51953125,-0.5556640625,8.9375,-0.0170440673828125,-0.1268310546875,-0.00852203369140625,0
4.5703125,-0.68115234375,9.03125,-0.03302001953125,-0.1246337890625,-0.004261016845703125,0
4.61328125,-0.86328125,8.7421875,-0.024505615234375,-0.0980224609375,0,0
4.68359375,-0.9599609375,8.5390625,-0.038360595703125,-0.059661865234375,0.004261016845703125,0
4.68359375,-0.8525390625,8.53125,-0.05645751953125,-0.03515625,0,0
4.74609375,-1.1181640625,8.46875,-0.05218505859375,-0.020233154296875,0,0
4.73046875,-1.0166015625,8.6171875,-0.0394287109375,-0.0010652542114257812,0.00319671630859375,0
4.75,-0.9912109375,8.6640625,-0.02557373046875,0.0298309326171875,0,0
4.859375,-1.091796875,8.734375,0.0063934326171875,0.06500244140625,-0.012786865234375,0
4.84765625,-1.1494140625,8.71875,-0.12890625,0.10333251953125,-0.045806884765625,0
4.6875,-1.1162109375,8.75,-0.114013671875,0.090576171875,-0.047943115234375,0
4.5703125,-1.0703125,8.84375,-0.1097412109375,0.073486328125,-0.045806884765625,0
4.57421875,-1.0751953125,8.875,-0.10333251953125,0.0543212890625,-0.041534423828125,0
4.62890625,-1.17578125,8.8046875,-0.09478759765625,0.03729248046875,-0.036224365234375,0
4.62890625,-1.224609375,8.7265625,-0.096923828125,0.0298309326171875,-0.03302001953125,0
4.515625,-1.193359375,8.6796875,-0.0980224609375,0.022369384765625,-0.0234375,0
4.43359375,-1.1494140625,8.6640625,-0.085205078125,0.007457733154296875,-0.01171875,0
4.39453125,-1.12890625,8.703125,-0.0660400390625,-0.01171875,-0.0021305084228515625,0
4.38671875,-1.1875,8.6875,-0.03729248046875,-0.03302001953125,0.00852203369140625,0
4.34765625,-1.185546875,8.734375,-0.12890625,0.10333251953125,-0.045806884765625,0
4.34375,-1.212890625,8.75,-0.114013671875,0.090576171875,-0.047943115234375,0
4.33203125,-1.2626953125,8.71875,-0.1097412109375,0.073486328125,-0.045806884765625,0
4.29296875,-1.30859375,8.6640625,-0.10333251953125,0.0543212890625,-0.041534423828125,0
4.28515625,-1.3232421875,8.640625,-0.09478759765625,0.03729248046875,-0.036224365234375,0
4.3046875,-1.283203125,8.6328125,-0.096923828125,0.0298309326171875,-0.03302001953125,0
4.515625,-1.193359375,8.6796875,-0.0980224609375,0.022369384765625,-0.0234375,0
4.43359375,-1.1494140625,8.6640625,-0.085205078125,0.007457733154296875,-0.01171875,0
4.39453125,-1.12890625,8.703125,-0.0660400390625,-0.01171875,-0.0021305084228515625,0
4.38671875,-1.1875,8.6875,-0.03729248046875,-0.03302001953125,0.00852203369140625,0
4.34765625,-1.185546875,8.734375,-0.12890625,0.10333251953125,-0.045806884765625,0
4.34375,-1.212890625,8.75,-0.114013671875,0.090576171875,-0.047943115234375,0
4.33203125,-1.2626953125,8.71875,-0.1097412109375,0.073486328125,-0.045806884765625,0
4.29296875,-1.30859375,8.6640625,-0.10333251953125,0.0543212890625,-0.041534423828125,0
4.28515625,-1.3232421875,8.640625,-0.09478759765625,0.03729248046875,-0.036224365234375,0
4.3046875,-1.283203125,8.6328125,-0.096923828125,0.0298309326171875,-0.03302001953125,0
4.2890625,-1.23046875,8.6484375,-0.0980224609375,0.022369384765625,-0.0234375,0
4.2890625,-1.1669921875,8.703125,-0.085205078125,0.007457733154296875,-0.01171875,0
4.32421875,-1.091796875,8.78125,-0.0660400390625,-0.01171875,-0.0021305084228515625,0
4.44140625,-1.0419921875,8.7890625,-0.03729248046875,-0.03302001953125,0.00852203369140625,0
4.546875,-1.0693359375,8.7109375,-0.0063934326171875,-0.050079345703125,0.02130126953125,0
4.5859375,-1.1298828125,8.640625,0.01384735107421875,-0.067138671875,0.0308990478515625,0
4.53125,-1.0322265625,8.53125,0.0181121826171875,-0.08306884765625,0.036224365234375,0
4.4921875,-0.9794921875,8.515625,0.00959014892578125,-0.0894775390625,0.03729248046875,0
4.53515625,-1.107421875,8.5390625,0.0063934326171875,-0.085205078125,0.031951904296875,0
4.62109375,-1.1455078125,8.5546875,0.0159759521484375,-0.067138671875,0.0234375,0
4.76171875,-1.1220703125,8.6171875,0.0181121826171875,-0.0511474609375,0.0181121826171875,0
4.72265625,-1.1357421875,8.6953125,0.0308990478515625,-0.05218505859375,0.007457733154296875,0
4.65625,-1.1025390625,8.640625,0.034088134765625,-0.059661865234375,0.010650634765625,0
4.66796875,-1.1357421875,8.703125,0.050079345703125,-0.053253173828125,0.010650634765625,0
4.6328125,-1.1865234375,8.7890625,0.061798095703125,-0.0191802978515625,0.0021305084228515625,0
4.54296875,-1.2275390625,8.703125,0.0543212890625,0.0010652542114257812,0.0159759521484375,0
4.5234375,-1.35546875,8.6015625,0.043670654296875,0.00959014892578125,0.0191802978515625,0
4.48828125,-1.30859375,8.6015625,0.036224365234375,0.012786865234375,0.0063934326171875,0
4.4375,-1.2314453125,8.59375,-0.0010652542114257812,0.00959014892578125,0.0159759521484375,0
4.41796875,-1.2392578125,8.640625,-0.053253173828125,0.0021305084228515625,0.02130126953125,0
4.42578125,-1.2509765625,8.6953125,-0.067138671875,-0.01491546630859375,0.0159759521484375,0
4.46484375,-1.208984375,8.7578125,-0.0660400390625,-0.02557373046875,0.0170440673828125,0
4.4765625,-1.1728515625,8.7890625,-0.05218505859375,-0.0287628173828125,0.00852203369140625,0
4.53125,-1.1826171875,8.7421875,-0.031951904296875,-0.038360595703125,0.00319671630859375,0
4.58984375,-1.177734375,8.6796875,-0.0159759521484375,-0.046875,0.0021305084228515625,0
4.6171875,-1.16796875,8.6796875,-0.01384735107421875,-0.04901123046875,0,0
4.62890625,-1.11328125,8.7265625,-0.0276947021484375,-0.050079345703125,-0.0053253173828125,0
4.6328125,-1.0810546875,8.7578125,-0.04473876953125,-0.053253173828125,-0.010650634765625,0
4.58203125,-1.1083984375,8.703125,-0.0543212890625,-0.057525634765625,-0.00852203369140625,0
4.546875,-1.1748046875,8.6875,-0.055389404296875,-0.057525634765625,-0.0021305084228515625,0
4.578125,-1.2099609375,8.65625,-0.05218505859375,-0.057525634765625,0.004261016845703125,0
4.62890625,-1.2470703125,8.640625,-0.057525634765625,-0.0511474609375,0.00959014892578125,0
4.65234375,-1.2529296875,8.640625,-0.061798095703125,-0.04473876953125,0.00959014892578125,0
4.6171875,-1.2626953125,8.6484375,-0.06072998046875,-0.04473876953125,0.010650634765625,0
4.55859375,-1.21484375,8.59375,-0.055389404296875,-0.047943115234375,0.00852203369140625,0
4.51171875,-1.193359375,8.5546875,-0.050079345703125,-0.045806884765625,0.007457733154296875,0
4.5,-1.201171875,8.5546875,-0.050079345703125,-0.036224365234375,0.007457733154296875,0
4.4921875,-1.2021484375,8.6015625,-0.05645751953125,-0.0276947021484375,0.00959014892578125,0
4.4921875,-1.2119140625,8.671875,-0.067138671875,-0.0266265869140625,0.01491546630859375,0
4.53125,-1.126953125,8.6875,-0.0628662109375,-0.0287628173828125,0.0170440673828125,0
4.63671875,-1.0224609375,8.828125,-0.0511474609375,-0.0298309326171875,0.0181121826171875,0
4.76953125,-0.82861328125,8.9140625,-0.038360595703125,-0.0298309326171875,0.0191802978515625,0
4.88671875,-0.677734375,8.9453125,-0.034088134765625,-0.0298309326171875,0.0191802978515625,0
4.98046875,-0.603515625,9.0703125,-0.0276947021484375,-0.0276947021484375,0.01171875,0
5.1484375,-0.462158203125,9.3125,-0.00959014892578125,-0.0266265869140625,-0.0021305084228515625,0
5.390625,-0.2430419921875,9.6796875,-0.004261016845703125,-0.020233154296875,-0.02557373046875,0
5.6640625,0.00957489013671875,10.1171875,-0.02557373046875,-0.01171875,-0.0543212890625,0
6.046875,0.2274169921875,10.6640625,-0.0511474609375,-0.0181121826171875,-0.08203125,0
6.60546875,0.33154296875,11.609375,-0.0511474609375,-0.0394287109375,-0.11187744140625,0
7.5546875,0.46923828125,12.765625,-0.046875,-0.07562255859375,-0.14599609375,0
8.75,0.794921875,13.7578125,-0.07244873046875,-0.11822509765625,-0.18212890625,0
9.75,1.076171875,14.3203125,-0.1171875,-0.17041015625,-0.234375,0
9.78125,1.08203125,13.4921875,-0.11187744140625,-0.2354736328125,-0.302490234375,0
9.4609375,1.255859375,12.171875,-0.0159759521484375,-0.273681640625,-0.39208984375,0
8.9140625,1.3583984375,10.5625,0.140625,-0.1832275390625,-0.51123046875,0
8.6015625,0.66943359375,8.5546875,0.271728515625,0.10650634765625,-0.66455078125,0
10.1015625,-0.81640625,4.7734375,0.365478515625,0.465576171875,-0.8662109375,0
12.6796875,-2.32421875,4.765625,0.435791015625,0.7265625,-1.1455078125,0
12.3984375,-1.4990234375,5.17578125,0.3037109375,0.880859375,-1.3681640625,0
11.625,-1.1494140625,6.29296875,0.0543212890625,0.775390625,-1.591796875,0
11.5,-1.8662109375,7.140625,-0.1875,0.46435546875,-1.857421875,0
11.7109375,-1.8974609375,7.390625,-0.1629638671875,0.419677734375,-1.9228515625,0
12.015625,-1.4296875,6.9921875,-0.19287109375,0.537109375,-1.87109375,0
11.0703125,-0.99462890625,6.06640625,-0.197021484375,-0.085205078125,-2.845703125,0
9.3359375,-0.66064453125,5.65625,-0.318603515625,-0.202392578125,-2.89453125,0
8.2265625,-0.41064453125,5.828125,-0.3642578125,-0.3056640625,-2.923828125,0
7.61328125,-0.369873046875,6.06640625,-0.38232421875,-0.34716796875,-2.93359375,0
7.140625,-0.6943359375,6.52734375,-0.38037109375,-0.3525390625,-2.921875,0
6.734375,-0.8154296875,7.109375,-0.3388671875,-0.37060546875,-2.91015625,0
6.34375,-0.57568359375,7.921875,-0.260009765625,-0.39404296875,-2.890625,0
4.5,-0.1771240234375,9.265625,-0.1981201171875,-0.3994140625,-2.857421875,0
4.59375,0.0550537109375,9.265625,-0.15869140625,-0.3857421875,-2.8359375,0
4.734375,0.308837890625,9.328125,-1.064453125,-0.125732421875,-2.4921875,0
4.69140625,0.56396484375,9.234375,-1.333984375,-0.1097412109375,-2.47265625,0
4.44921875,0.81298828125,9.0703125,-1.587890625,-0.1129150390625,-2.45703125,0
4.28515625,1.0830078125,8.71875,-1.7451171875,-0.1597900390625,-2.455078125,0
4.12890625,1.296875,8.3515625,-1.71875,-0.2109375,-2.482421875,0
3.849609375,1.44140625,8.1640625,-1.53125,-0.1895751953125,-2.50390625,0
3.556640625,1.59375,8.1484375,-1.30078125,-0.0863037109375,-2.486328125,0
3.34375,1.91015625,8.1171875,-1.091796875,0.020233154296875,-2.443359375,0
3.26953125,2.263671875,7.8828125,-1.064453125,-0.125732421875,-2.4921875,0
3.287109375,2.453125,7.73046875,-1.333984375,-0.1097412109375,-2.47265625,0
3.251953125,2.28515625,7.828125,-1.587890625,-0.1129150390625,-2.45703125,0
3.341796875,1.6357421875,7.86328125,-1.7451171875,-0.1597900390625,-2.455078125,0
3.705078125,0.794921875,7.81640625,-1.71875,-0.2109375,-2.482421875,0
4.125,0.271728515625,7.8671875,-1.53125,-0.1895751953125,-2.50390625,0
4.2265625,0.25732421875,7.9921875,-1.30078125,-0.0863037109375,-2.486328125,0
3.939453125,0.42626953125,7.9765625,-1.091796875,0.020233154296875,-2.443359375,0
3.26953125,2.263671875,7.8828125,-1.064453125,-0.125732421875,-2.4921875,0
3.287109375,2.453125,7.73046875,-1.333984375,-0.1097412109375,-2.47265625,0
3.251953125,2.28515625,7.828125,-1.587890625,-0.1129150390625,-2.45703125,0
3.341796875,1.6357421875,7.86328125,-1.7451171875,-0.1597900390625,-2.455078125,0
3.705078125,0.794921875,7.81640625,-1.71875,-0.2109375,-2.482421875,0
4.125,0.271728515625,7.8671875,-1.53125,-0.1895751953125,-2.50390625,0
4.2265625,0.25732421875,7.9921875,-1.30078125,-0.0863037109375,-2.486328125,0
3.939453125,0.42626953125,7.9765625,-1.091796875,0.020233154296875,-2.443359375,0
3.517578125,0.64404296875,7.9453125,-0.95556640625,0.08734130859375,-2.3984375,0
3.271484375,0.95068359375,7.76953125,-0.8935546875,0.1268310546875,-2.34765625,0
3.056640625,1.1591796875,7.5078125,-0.87548828125,0.1544189453125,-2.28125,0
2.849609375,0.9375,7.671875,-0.87451171875,0.1544189453125,-2.21484375,0
2.732421875,0.59521484375,7.828125,-0.89697265625,0.1651611328125,-2.13671875,0
2.62109375,0.39501953125,7.96875,-0.9169921875,0.20458984375,-2.052734375,0
2.435546875,0.2442626953125,8.2109375,-0.93017578125,0.255615234375,-1.953125,0
2.228515625,0.22509765625,8.390625,-0.97705078125,0.290771484375,-1.8427734375,0
2.080078125,0.462158203125,8.5625,-1.0302734375,0.2822265625,-1.7431640625,0
2.166015625,0.7314453125,8.5703125,-1.0556640625,0.2685546875,-1.6669921875,0
2.21875,0.91943359375,8.1484375,-1.0693359375,0.3037109375,-1.5927734375,0
2.01171875,1.0810546875,7.5625,-1.0576171875,0.342041015625,-1.515625,0
1.72265625,1.2509765625,7.046875,-1.01953125,0.367431640625,-1.4375,0
1.4169921875,1.3994140625,6.82421875,-0.98095703125,0.378173828125,-1.3642578125,0
1.3525390625,1.4697265625,7.11328125,-0.9990234375,0.332275390625,-1.3056640625,0
1.5,1.564453125,7.46484375,-1.0947265625,0.2568359375,-1.244140625,0
1.76171875,1.5009765625,7.6015625,-1.212890625,0.1885986328125,-1.1923828125,0
1.9609375,1.3935546875,7.51953125,-1.3017578125,0.15869140625,-1.15234375,0
1.8828125,1.326171875,7.2890625,-1.3330078125,0.1864013671875,-1.11328125,0
1.546875,1.208984375,6.953125,-1.2998046875,0.2183837890625,-1.087890625,0
1.1806640625,1.18359375,6.66796875,-1.2080078125,0.2152099609375,-1.099609375,0
0.91943359375,1.314453125,6.48046875,-1.0517578125,0.18115234375,-1.154296875,0
0.79248046875,1.5634765625,6.30859375,-0.865234375,0.11822509765625,-1.240234375,0
0.82861328125,1.8642578125,5.98046875,-0.69140625,0.04046630859375,-1.341796875,0
0.900390625,2.203125,5.6328125,-0.59033203125,-0.0287628173828125,-1.4345703125,0
0.8955078125,2.5625,5.453125,-0.60302734375,-0.0745849609375,-1.4990234375,0
0.76513671875,2.513671875,5.76953125,-0.74267578125,-0.11187744140625,-1.537109375,0
0.494384765625,1.912109375,6.08984375,-1.0068359375,-0.1895751953125,-1.5390625,0
0.260986328125,1.1298828125,6.34375,-1.2412109375,-0.3154296875,-1.5546875,0
0.280029296875,0.4765625,6.8046875,-1.3583984375,-0.435791015625,-1.619140625,0
0.45849609375,-0.059844970703125,7.26171875,-1.3505859375,-0.53466796875,-1.697265625,0
0.7470703125,-0.468017578125,7.5546875,-1.28125,-0.595703125,-1.7607421875,0
0.95068359375,-0.89208984375,7.8359375,-1.16015625,-0.6240234375,-1.8076171875,0
1.1025390625,-1.294921875,7.94921875,-1.017578125,-0.6337890625,-1.8310546875,0
1.2998046875,-1.8818359375,8.2578125,-0.853515625,-0.6455078125,-1.826171875,0
1.6015625,-2.642578125,8.453125,-0.7177734375,-0.65625,-1.7841796875,0
1.98828125,-3.400390625,8.9140625,-0.62939453125,-0.6572265625,-1.701171875,0
2.455078125,-3.94921875,9.8671875,-0.65087890625,-0.59423828125,-1.5791015625,0
2.6328125,-4.078125,10.3515625,-0.822265625,-0.4697265625,-1.4111328125,0
2.58984375,-4.0625,10.578125,-1.02734375,-0.34521484375,-1.2587890625,0
2.404296875,-4.234375,10.796875,-1.19921875,-0.22802734375,-1.1005859375,0
2.111328125,-4.37890625,10.8984375,-1.3466796875,-0.14697265625,-0.9130859375,0
1.94140625,-4.296875,10.9765625,-1.51171875,-0.10333251953125,-0.7177734375,0
1.8134765625,-4.15234375,11.109375,-1.7099609375,-0.08306884765625,-0.52392578125,0
1.80859375,-4.42578125,11.2890625,-1.8779296875,-0.120361328125,-0.34521484375,0
2.212890625,-5.0625,11.765625,-1.96875,-0.1715087890625,-0.1597900390625,0
2.681640625,-5.3984375,12.2265625,-2.046875,-0.138427734375,0.0809326171875,0
2.814453125,-5.3515625,12.390625,-2.232421875,-0.038360595703125,0.296142578125,0
2.65234375,-4.9921875,12,-2.4921875,0.0703125,0.48779296875,0
2.03125,-5.6875,11.03125,-2.484375,0.1566162109375,0.7177734375,0
1.7294921875,-6.7578125,9.9296875,-2.083984375,0.149169921875,0.80224609375,0
2.1875,-6.25,9.3046875,-1.57421875,0.1597900390625,0.74365234375,0
2.279296875,-4.078125,9.03125,-1.1689453125,0.297119140625,0.71923828125,0
1.703125,-2.26953125,8.8359375,-0.97705078125,0.41015625,0.7041015625,0
1.1552734375,-1.392578125,8.6640625,-0.98974609375,0.343017578125,0.66064453125,0
0.99951171875,-1.087890625,8.546875,-1.0615234375,0.1885986328125,0.61669921875,0
1.0849609375,-1.2734375,8.5234375,-1.162109375,-0.007457733154296875,0.61669921875,0
1.431640625,-1.6005859375,8.4453125,-1.240234375,-0.1800537109375,0.6005859375,0
1.85546875,-2.025390625,8.4375,-1.2529296875,-0.266357421875,0.56787109375,0
2.1640625,-2.48046875,8.3984375,-1.2158203125,-0.3046875,0.560546875,0
2.462890625,-2.837890625,8.46875,-1.1611328125,-0.332275390625,0.57861328125,0
2.685546875,-3.146484375,8.7421875,-0.78076171875,-0.2066650390625,1.0390625,0
2.80859375,-3.3828125,9.046875,-0.7138671875,-0.18115234375,1.0400390625,0
2.908203125,-3.56640625,9.375,-0.66455078125,-0.185302734375,1.01171875,0
3.013671875,-3.81640625,9.671875,-0.63818359375,-0.2109375,1.0078125,0
3.02734375,-3.998046875,9.65625,-0.62939453125,-0.24609375,0.986328125,0
2.880859375,-4.15234375,9.5234375,-0.61474609375,-0.2568359375,0.95361328125,0
2.73828125,-4.25390625,9.2890625,-0.5859375,-0.2471923828125,0.93408203125,0
2.658203125,-4.36328125,9.078125,-0.5146484375,-0.2685546875,0.888671875,0
2.728515625,-4.375,8.859375,-0.39306640625,-0.2568359375,0.8212890625,0
2.822265625,-4.515625,8.6484375,-0.2237548828125,-0.184326171875,0.75634765625,0
